musim,pekan,tanggal_teks,tim_kandang,tim_tandang,gol_kandang,gol_tandang,url_sumber,total_gol,selisih_gol,hasil
2019/20,1,Aug 9,Liverpool,Norwich,4,1,https://www.rsssf.org/tablese/eng2020.html,5,3,Kandang menang
2019/20,1,Aug 10,West Ham,Manchester C,0,5,https://www.rsssf.org/tablese/eng2020.html,5,-5,Tandang menang
2019/20,1,Aug 10,Bournemouth,Sheffield U,1,1,https://www.rsssf.org/tablese/eng2020.html,2,0,Seri
2019/20,1,Aug 10,Burnley,Southampton,3,0,https://www.rsssf.org/tablese/eng2020.html,3,3,Kandang menang
2019/20,1,Aug 10,Crystal P,Everton,0,0,https://www.rsssf.org/tablese/eng2020.html,0,0,Seri
2019/20,1,Aug 10,Watford,Brighton,0,3,https://www.rsssf.org/tablese/eng2020.html,3,-3,Tandang menang
2019/20,1,Aug 10,Tottenham,Aston Villa,3,1,https://www.rsssf.org/tablese/eng2020.html,4,2,Kandang menang
2019/20,1,Aug 11,Leicester,Wolverhampton,0,0,https://www.rsssf.org/tablese/eng2020.html,0,0,Seri
2019/20,1,Aug 11,Newcastle,Arsenal,0,1,https://www.rsssf.org/tablese/eng2020.html,1,-1,Tandang menang
2019/20,1,Aug 11,Manchester U,Chelsea,4,0,https://www.rsssf.org/tablese/eng2020.html,4,4,Kandang menang
2019/20,2,Aug 17,Arsenal,Burnley,2,1,https://www.rsssf.org/tablese/eng2020.html,3,1,Kandang menang
2019/20,2,Aug 17,Aston Villa,Bournemouth,1,2,https://www.rsssf.org/tablese/eng2020.html,3,-1,Tandang menang
2019/20,2,Aug 17,Brighton,West Ham,1,1,https://www.rsssf.org/tablese/eng2020.html,2,0,Seri
2019/20,2,Aug 17,Everton,Watford,1,0,https://www.rsssf.org/tablese/eng2020.html,1,1,Kandang menang
2019/20,2,Aug 17,Norwich,Newcastle,3,1,https://www.rsssf.org/tablese/eng2020.html,4,2,Kandang menang
2019/20,2,Aug 17,Southampton,Liverpool,1,2,https://www.rsssf.org/tablese/eng2020.html,3,-1,Tandang menang
2019/20,2,Aug 17,Manchester C,Tottenham,2,2,https://www.rsssf.org/tablese/eng2020.html,4,0,Seri
2019/20,2,Aug 18,Sheffield U,Crystal P,1,0,https://www.rsssf.org/tablese/eng2020.html,1,1,Kandang menang
2019/20,2,Aug 18,Chelsea,Leicester,1,1,https://www.rsssf.org/tablese/eng2020.html,2,0,Seri
2019/20,2,Aug 19,Wolverhampton,Manchester U,1,1,https://www.rsssf.org/tablese/eng2020.html,2,0,Seri
2019/20,3,Aug 23,Aston Villa,Everton,2,0,https://www.rsssf.org/tablese/eng2020.html,2,2,Kandang menang
2019/20,3,Aug 24,Norwich,Chelsea,2,3,https://www.rsssf.org/tablese/eng2020.html,5,-1,Tandang menang
2019/20,3,Aug 24,Brighton,Southampton,0,2,https://www.rsssf.org/tablese/eng2020.html,2,-2,Tandang menang
2019/20,3,Aug 24,Manchester U,Crystal P,1,2,https://www.rsssf.org/tablese/eng2020.html,3,-1,Tandang menang
2019/20,3,Aug 24,Sheffield U,Leicester,1,2,https://www.rsssf.org/tablese/eng2020.html,3,-1,Tandang menang
2019/20,3,Aug 24,Watford,West Ham,1,3,https://www.rsssf.org/tablese/eng2020.html,4,-2,Tandang menang
2019/20,3,Aug 24,Liverpool,Arsenal,3,1,https://www.rsssf.org/tablese/eng2020.html,4,2,Kandang menang
2019/20,3,Aug 25,Bournemouth,Manchester C,1,3,https://www.rsssf.org/tablese/eng2020.html,4,-2,Tandang menang
2019/20,3,Aug 25,Tottenham,Newcastle,0,1,https://www.rsssf.org/tablese/eng2020.html,1,-1,Tandang menang
2019/20,3,Aug 25,Wolverhampton,Burnley,1,1,https://www.rsssf.org/tablese/eng2020.html,2,0,Seri
2019/20,4,Aug 31,Southampton,Manchester U,1,1,https://www.rsssf.org/tablese/eng2020.html,2,0,Seri
2019/20,4,Aug 31,Chelsea,Sheffield U,2,2,https://www.rsssf.org/tablese/eng2020.html,4,0,Seri
2019/20,4,Aug 31,Crystal P,Aston Villa,1,0,https://www.rsssf.org/tablese/eng2020.html,1,1,Kandang menang
2019/20,4,Aug 31,Leicester,Bournemouth,3,1,https://www.rsssf.org/tablese/eng2020.html,4,2,Kandang menang
2019/20,4,Aug 31,Manchester C,Brighton,4,0,https://www.rsssf.org/tablese/eng2020.html,4,4,Kandang menang
2019/20,4,Aug 31,Newcastle,Watford,1,1,https://www.rsssf.org/tablese/eng2020.html,2,0,Seri
2019/20,4,Aug 31,West Ham,Norwich,2,0,https://www.rsssf.org/tablese/eng2020.html,2,2,Kandang menang
2019/20,4,Aug 31,Burnley,Liverpool,0,3,https://www.rsssf.org/tablese/eng2020.html,3,-3,Tandang menang
2019/20,4,Sep 1,Everton,Wolverhampton,3,2,https://www.rsssf.org/tablese/eng2020.html,5,1,Kandang menang
2019/20,4,Sep 1,Arsenal,Tottenham,2,2,https://www.rsssf.org/tablese/eng2020.html,4,0,Seri
2019/20,5,Sep 14,Liverpool,Newcastle,3,1,https://www.rsssf.org/tablese/eng2020.html,4,2,Kandang menang
2019/20,5,Sep 14,Brighton,Burnley,1,1,https://www.rsssf.org/tablese/eng2020.html,2,0,Seri
2019/20,5,Sep 14,Manchester U,Leicester,1,0,https://www.rsssf.org/tablese/eng2020.html,1,1,Kandang menang
2019/20,5,Sep 14,Sheffield U,Southampton,0,1,https://www.rsssf.org/tablese/eng2020.html,1,-1,Tandang menang
2019/20,5,Sep 14,Tottenham,Crystal P,4,0,https://www.rsssf.org/tablese/eng2020.html,4,4,Kandang menang
2019/20,5,Sep 14,Wolverhampton,Chelsea,2,5,https://www.rsssf.org/tablese/eng2020.html,7,-3,Tandang menang
2019/20,5,Sep 14,Norwich,Manchester C,3,2,https://www.rsssf.org/tablese/eng2020.html,5,1,Kandang menang
2019/20,5,Sep 15,Bournemouth,Everton,3,1,https://www.rsssf.org/tablese/eng2020.html,4,2,Kandang menang
2019/20,5,Sep 15,Watford,Arsenal,2,2,https://www.rsssf.org/tablese/eng2020.html,4,0,Seri
2019/20,5,Sep 16,Aston Villa,West Ham,0,0,https://www.rsssf.org/tablese/eng2020.html,0,0,Seri
2019/20,6,Sep 20,Southampton,Bournemouth,1,3,https://www.rsssf.org/tablese/eng2020.html,4,-2,Tandang menang
2019/20,6,Sep 21,Leicester,Tottenham,2,1,https://www.rsssf.org/tablese/eng2020.html,3,1,Kandang menang
2019/20,6,Sep 21,Burnley,Norwich,2,0,https://www.rsssf.org/tablese/eng2020.html,2,2,Kandang menang
2019/20,6,Sep 21,Everton,Sheffield U,0,2,https://www.rsssf.org/tablese/eng2020.html,2,-2,Tandang menang
2019/20,6,Sep 21,Manchester C,Watford,8,0,https://www.rsssf.org/tablese/eng2020.html,8,8,Kandang menang
2019/20,6,Sep 21,Newcastle,Brighton,0,0,https://www.rsssf.org/tablese/eng2020.html,0,0,Seri
2019/20,6,Sep 22,Crystal P,Wolverhampton,1,1,https://www.rsssf.org/tablese/eng2020.html,2,0,Seri
2019/20,6,Sep 22,West Ham,Manchester U,2,0,https://www.rsssf.org/tablese/eng2020.html,2,2,Kandang menang
2019/20,6,Sep 22,Arsenal,Aston Villa,3,2,https://www.rsssf.org/tablese/eng2020.html,5,1,Kandang menang
2019/20,6,Sep 22,Chelsea,Liverpool,1,2,https://www.rsssf.org/tablese/eng2020.html,3,-1,Tandang menang
2019/20,7,Sep 28,Sheffield U,Liverpool,0,1,https://www.rsssf.org/tablese/eng2020.html,1,-1,Tandang menang
2019/20,7,Sep 28,Aston Villa,Burnley,2,2,https://www.rsssf.org/tablese/eng2020.html,4,0,Seri
2019/20,7,Sep 28,Bournemouth,West Ham,2,2,https://www.rsssf.org/tablese/eng2020.html,4,0,Seri
2019/20,7,Sep 28,Chelsea,Brighton,2,0,https://www.rsssf.org/tablese/eng2020.html,2,2,Kandang menang
2019/20,7,Sep 28,Crystal P,Norwich,2,0,https://www.rsssf.org/tablese/eng2020.html,2,2,Kandang menang
2019/20,7,Sep 28,Tottenham,Southampton,2,1,https://www.rsssf.org/tablese/eng2020.html,3,1,Kandang menang
2019/20,7,Sep 28,Wolverhampton,Watford,2,0,https://www.rsssf.org/tablese/eng2020.html,2,2,Kandang menang
2019/20,7,Sep 28,Everton,Manchester C,1,3,https://www.rsssf.org/tablese/eng2020.html,4,-2,Tandang menang
2019/20,7,Sep 29,Leicester,Newcastle,5,0,https://www.rsssf.org/tablese/eng2020.html,5,5,Kandang menang
2019/20,7,Sep 30,Manchester U,Arsenal,1,1,https://www.rsssf.org/tablese/eng2020.html,2,0,Seri
2019/20,8,Oct 5,Brighton,Tottenham,3,0,https://www.rsssf.org/tablese/eng2020.html,3,3,Kandang menang
2019/20,8,Oct 5,Burnley,Everton,1,0,https://www.rsssf.org/tablese/eng2020.html,1,1,Kandang menang
2019/20,8,Oct 5,Liverpool,Leicester,2,1,https://www.rsssf.org/tablese/eng2020.html,3,1,Kandang menang
2019/20,8,Oct 5,Norwich,Aston Villa,1,5,https://www.rsssf.org/tablese/eng2020.html,6,-4,Tandang menang
2019/20,8,Oct 5,Watford,Sheffield U,0,0,https://www.rsssf.org/tablese/eng2020.html,0,0,Seri
2019/20,8,Oct 5,West Ham,Crystal P,1,2,https://www.rsssf.org/tablese/eng2020.html,3,-1,Tandang menang
2019/20,8,Oct 6,Arsenal,Bournemouth,1,0,https://www.rsssf.org/tablese/eng2020.html,1,1,Kandang menang
2019/20,8,Oct 6,Manchester C,Wolverhampton,0,2,https://www.rsssf.org/tablese/eng2020.html,2,-2,Tandang menang
2019/20,8,Oct 6,Southampton,Chelsea,1,4,https://www.rsssf.org/tablese/eng2020.html,5,-3,Tandang menang
2019/20,8,Oct 6,Newcastle,Manchester U,1,0,https://www.rsssf.org/tablese/eng2020.html,1,1,Kandang menang
2019/20,9,Oct 19,Everton,West Ham,2,0,https://www.rsssf.org/tablese/eng2020.html,2,2,Kandang menang
2019/20,9,Oct 19,Aston Villa,Brighton,2,1,https://www.rsssf.org/tablese/eng2020.html,3,1,Kandang menang
2019/20,9,Oct 19,Bournemouth,Norwich,0,0,https://www.rsssf.org/tablese/eng2020.html,0,0,Seri
2019/20,9,Oct 19,Chelsea,Newcastle,1,0,https://www.rsssf.org/tablese/eng2020.html,1,1,Kandang menang
2019/20,9,Oct 19,Leicester,Burnley,2,1,https://www.rsssf.org/tablese/eng2020.html,3,1,Kandang menang
2019/20,9,Oct 19,Tottenham,Watford,1,1,https://www.rsssf.org/tablese/eng2020.html,2,0,Seri
2019/20,9,Oct 19,Wolverhampton,Southampton,1,1,https://www.rsssf.org/tablese/eng2020.html,2,0,Seri
2019/20,9,Oct 19,Crystal P,Manchester C,0,2,https://www.rsssf.org/tablese/eng2020.html,2,-2,Tandang menang
2019/20,9,Oct 20,Manchester U,Liverpool,1,1,https://www.rsssf.org/tablese/eng2020.html,2,0,Seri
2019/20,9,Oct 21,Sheffield U,Arsenal,1,0,https://www.rsssf.org/tablese/eng2020.html,1,1,Kandang menang
2019/20,10,Oct 25,Southampton,Leicester,0,9,https://www.rsssf.org/tablese/eng2020.html,9,-9,Tandang menang
2019/20,10,Oct 26,Manchester C,Aston Villa,3,0,https://www.rsssf.org/tablese/eng2020.html,3,3,Kandang menang
2019/20,10,Oct 26,Brighton,Everton,3,2,https://www.rsssf.org/tablese/eng2020.html,5,1,Kandang menang
2019/20,10,Oct 26,Watford,Bournemouth,0,0,https://www.rsssf.org/tablese/eng2020.html,0,0,Seri
2019/20,10,Oct 26,West Ham,Sheffield U,1,1,https://www.rsssf.org/tablese/eng2020.html,2,0,Seri
2019/20,10,Oct 26,Burnley,Chelsea,2,4,https://www.rsssf.org/tablese/eng2020.html,6,-2,Tandang menang
2019/20,10,Oct 27,Newcastle,Wolverhampton,1,1,https://www.rsssf.org/tablese/eng2020.html,2,0,Seri
2019/20,10,Oct 27,Arsenal,Crystal P,2,2,https://www.rsssf.org/tablese/eng2020.html,4,0,Seri
2019/20,10,Oct 27,Liverpool,Tottenham,2,1,https://www.rsssf.org/tablese/eng2020.html,3,1,Kandang menang
2019/20,10,Oct 27,Norwich,Manchester U,1,3,https://www.rsssf.org/tablese/eng2020.html,4,-2,Tandang menang
2019/20,11,Nov 2,Bournemouth,Manchester U,1,0,https://www.rsssf.org/tablese/eng2020.html,1,1,Kandang menang
2019/20,11,Nov 2,Arsenal,Wolverhampton,1,1,https://www.rsssf.org/tablese/eng2020.html,2,0,Seri
2019/20,11,Nov 2,West Ham,Newcastle,2,3,https://www.rsssf.org/tablese/eng2020.html,5,-1,Tandang menang
2019/20,11,Nov 2,Manchester C,Southampton,2,1,https://www.rsssf.org/tablese/eng2020.html,3,1,Kandang menang
2019/20,11,Nov 2,Sheffield U,Burnley,3,0,https://www.rsssf.org/tablese/eng2020.html,3,3,Kandang menang
2019/20,11,Nov 2,Brighton,Norwich,2,0,https://www.rsssf.org/tablese/eng2020.html,2,2,Kandang menang
2019/20,11,Nov 2,Aston Villa,Liverpool,1,2,https://www.rsssf.org/tablese/eng2020.html,3,-1,Tandang menang
2019/20,11,Nov 2,Watford,Chelsea,1,2,https://www.rsssf.org/tablese/eng2020.html,3,-1,Tandang menang
2019/20,11,Nov 3,Crystal P,Leicester,0,2,https://www.rsssf.org/tablese/eng2020.html,2,-2,Tandang menang
2019/20,11,Nov 3,Everton,Tottenham,1,1,https://www.rsssf.org/tablese/eng2020.html,2,0,Seri
2019/20,12,Nov 8,Norwich,Watford,0,2,https://www.rsssf.org/tablese/eng2020.html,2,-2,Tandang menang
2019/20,12,Nov 9,Chelsea,Crystal P,2,0,https://www.rsssf.org/tablese/eng2020.html,2,2,Kandang menang
2019/20,12,Nov 9,Newcastle,Bournemouth,2,1,https://www.rsssf.org/tablese/eng2020.html,3,1,Kandang menang
2019/20,12,Nov 9,Burnley,West Ham,3,0,https://www.rsssf.org/tablese/eng2020.html,3,3,Kandang menang
2019/20,12,Nov 9,Southampton,Everton,1,2,https://www.rsssf.org/tablese/eng2020.html,3,-1,Tandang menang
2019/20,12,Nov 9,Tottenham,Sheffield U,1,1,https://www.rsssf.org/tablese/eng2020.html,2,0,Seri
2019/20,12,Nov 9,Leicester,Arsenal,2,0,https://www.rsssf.org/tablese/eng2020.html,2,2,Kandang menang
2019/20,12,Nov 10,Manchester U,Brighton,3,1,https://www.rsssf.org/tablese/eng2020.html,4,2,Kandang menang
2019/20,12,Nov 10,Wolverhampton,Aston Villa,2,1,https://www.rsssf.org/tablese/eng2020.html,3,1,Kandang menang
2019/20,12,Nov 10,Liverpool,Manchester C,3,1,https://www.rsssf.org/tablese/eng2020.html,4,2,Kandang menang
2019/20,13,Nov 23,West Ham,Tottenham,2,3,https://www.rsssf.org/tablese/eng2020.html,5,-1,Tandang menang
2019/20,13,Nov 23,Arsenal,Southampton,2,2,https://www.rsssf.org/tablese/eng2020.html,4,0,Seri
2019/20,13,Nov 23,Watford,Burnley,0,3,https://www.rsssf.org/tablese/eng2020.html,3,-3,Tandang menang
2019/20,13,Nov 23,Everton,Norwich,0,2,https://www.rsssf.org/tablese/eng2020.html,2,-2,Tandang menang
2019/20,13,Nov 23,Brighton,Leicester,0,2,https://www.rsssf.org/tablese/eng2020.html,2,-2,Tandang menang
2019/20,13,Nov 23,Bournemouth,Wolverhampton,1,2,https://www.rsssf.org/tablese/eng2020.html,3,-1,Tandang menang
2019/20,13,Nov 23,Crystal P,Liverpool,1,2,https://www.rsssf.org/tablese/eng2020.html,3,-1,Tandang menang
2019/20,13,Nov 23,Manchester C,Chelsea,2,1,https://www.rsssf.org/tablese/eng2020.html,3,1,Kandang menang
2019/20,13,Nov 24,Sheffield U,Manchester U,3,3,https://www.rsssf.org/tablese/eng2020.html,6,0,Seri
2019/20,13,Nov 25,Aston Villa,Newcastle,2,0,https://www.rsssf.org/tablese/eng2020.html,2,2,Kandang menang
2019/20,14,Nov 30,Newcastle,Manchester C,2,2,https://www.rsssf.org/tablese/eng2020.html,4,0,Seri
2019/20,14,Nov 30,Liverpool,Brighton,2,1,https://www.rsssf.org/tablese/eng2020.html,3,1,Kandang menang
2019/20,14,Nov 30,Tottenham,Bournemouth,3,2,https://www.rsssf.org/tablese/eng2020.html,5,1,Kandang menang
2019/20,14,Nov 30,Burnley,Crystal P,0,2,https://www.rsssf.org/tablese/eng2020.html,2,-2,Tandang menang
2019/20,14,Nov 30,Chelsea,West Ham,0,1,https://www.rsssf.org/tablese/eng2020.html,1,-1,Tandang menang
2019/20,14,Nov 30,Southampton,Watford,2,1,https://www.rsssf.org/tablese/eng2020.html,3,1,Kandang menang
2019/20,14,Dec 1,Norwich,Arsenal,2,2,https://www.rsssf.org/tablese/eng2020.html,4,0,Seri
2019/20,14,Dec 1,Wolverhampton,Sheffield U,1,1,https://www.rsssf.org/tablese/eng2020.html,2,0,Seri
2019/20,14,Dec 1,Leicester,Everton,2,1,https://www.rsssf.org/tablese/eng2020.html,3,1,Kandang menang
2019/20,14,Dec 1,Manchester U,Aston Villa,2,2,https://www.rsssf.org/tablese/eng2020.html,4,0,Seri
2019/20,15,Dec 3,Crystal P,Bournemouth,1,0,https://www.rsssf.org/tablese/eng2020.html,1,1,Kandang menang
2019/20,15,Dec 3,Burnley,Manchester C,1,4,https://www.rsssf.org/tablese/eng2020.html,5,-3,Tandang menang
2019/20,15,Dec 4,Chelsea,Aston Villa,2,1,https://www.rsssf.org/tablese/eng2020.html,3,1,Kandang menang
2019/20,15,Dec 4,Wolverhampton,West Ham,2,0,https://www.rsssf.org/tablese/eng2020.html,2,2,Kandang menang
2019/20,15,Dec 4,Leicester,Watford,2,0,https://www.rsssf.org/tablese/eng2020.html,2,2,Kandang menang
2019/20,15,Dec 4,Manchester U,Tottenham,2,1,https://www.rsssf.org/tablese/eng2020.html,3,1,Kandang menang
2019/20,15,Dec 4,Southampton,Norwich,2,1,https://www.rsssf.org/tablese/eng2020.html,3,1,Kandang menang
2019/20,15,Dec 4,Liverpool,Everton,5,2,https://www.rsssf.org/tablese/eng2020.html,7,3,Kandang menang
2019/20,15,Dec 5,Sheffield U,Newcastle,0,2,https://www.rsssf.org/tablese/eng2020.html,2,-2,Tandang menang
2019/20,15,Dec 5,Arsenal,Brighton,1,2,https://www.rsssf.org/tablese/eng2020.html,3,-1,Tandang menang
2019/20,16,Dec 7,Everton,Chelsea,3,1,https://www.rsssf.org/tablese/eng2020.html,4,2,Kandang menang
2019/20,16,Dec 7,Watford,Crystal P,0,0,https://www.rsssf.org/tablese/eng2020.html,0,0,Seri
2019/20,16,Dec 7,Tottenham,Burnley,5,0,https://www.rsssf.org/tablese/eng2020.html,5,5,Kandang menang
2019/20,16,Dec 7,Bournemouth,Liverpool,0,3,https://www.rsssf.org/tablese/eng2020.html,3,-3,Tandang menang
2019/20,16,Dec 7,Manchester C,Manchester U,1,2,https://www.rsssf.org/tablese/eng2020.html,3,-1,Tandang menang
2019/20,16,Dec 8,Norwich,Sheffield U,1,2,https://www.rsssf.org/tablese/eng2020.html,3,-1,Tandang menang
2019/20,16,Dec 8,Newcastle,Southampton,2,1,https://www.rsssf.org/tablese/eng2020.html,3,1,Kandang menang
2019/20,16,Dec 8,Aston Villa,Leicester,1,4,https://www.rsssf.org/tablese/eng2020.html,5,-3,Tandang menang
2019/20,16,Dec 8,Brighton,Wolverhampton,2,2,https://www.rsssf.org/tablese/eng2020.html,4,0,Seri
2019/20,16,Dec 9,West Ham,Arsenal,1,3,https://www.rsssf.org/tablese/eng2020.html,4,-2,Tandang menang
2019/20,17,Dec 14,Liverpool,Watford,2,0,https://www.rsssf.org/tablese/eng2020.html,2,2,Kandang menang
2019/20,17,Dec 14,Chelsea,Bournemouth,0,1,https://www.rsssf.org/tablese/eng2020.html,1,-1,Tandang menang
2019/20,17,Dec 14,Burnley,Newcastle,1,0,https://www.rsssf.org/tablese/eng2020.html,1,1,Kandang menang
2019/20,17,Dec 14,Sheffield U,Aston Villa,2,0,https://www.rsssf.org/tablese/eng2020.html,2,2,Kandang menang
2019/20,17,Dec 14,Leicester,Norwich,1,1,https://www.rsssf.org/tablese/eng2020.html,2,0,Seri
2019/20,17,Dec 14,Southampton,West Ham,0,1,https://www.rsssf.org/tablese/eng2020.html,1,-1,Tandang menang
2019/20,17,Dec 15,Wolverhampton,Tottenham,1,2,https://www.rsssf.org/tablese/eng2020.html,3,-1,Tandang menang
2019/20,17,Dec 15,Manchester U,Everton,1,1,https://www.rsssf.org/tablese/eng2020.html,2,0,Seri
2019/20,17,Dec 15,Arsenal,Manchester C,0,3,https://www.rsssf.org/tablese/eng2020.html,3,-3,Tandang menang
2019/20,17,Dec 16,Crystal P,Brighton,1,1,https://www.rsssf.org/tablese/eng2020.html,2,0,Seri
2019/20,18,Dec 21,Everton,Arsenal,0,0,https://www.rsssf.org/tablese/eng2020.html,0,0,Seri
2019/20,18,Dec 21,Bournemouth,Burnley,0,1,https://www.rsssf.org/tablese/eng2020.html,1,-1,Tandang menang
2019/20,18,Dec 21,Aston Villa,Southampton,1,3,https://www.rsssf.org/tablese/eng2020.html,4,-2,Tandang menang
2019/20,18,Dec 21,Newcastle,Crystal P,1,0,https://www.rsssf.org/tablese/eng2020.html,1,1,Kandang menang
2019/20,18,Dec 21,Brighton,Sheffield U,0,1,https://www.rsssf.org/tablese/eng2020.html,1,-1,Tandang menang
2019/20,18,Dec 21,Norwich,Wolverhampton,1,2,https://www.rsssf.org/tablese/eng2020.html,3,-1,Tandang menang
2019/20,18,Dec 21,Manchester C,Leicester,3,1,https://www.rsssf.org/tablese/eng2020.html,4,2,Kandang menang
2019/20,18,Dec 22,Watford,Manchester U,2,0,https://www.rsssf.org/tablese/eng2020.html,2,2,Kandang menang
2019/20,18,Dec 22,Tottenham,Chelsea,0,2,https://www.rsssf.org/tablese/eng2020.html,2,-2,Tandang menang
2019/20,18,Jan 29,West Ham,Liverpool,0,2,https://www.rsssf.org/tablese/eng2020.html,2,-2,Tandang menang
2019/20,19,Dec 26,Tottenham,Brighton,2,1,https://www.rsssf.org/tablese/eng2020.html,3,1,Kandang menang
2019/20,19,Dec 26,Aston Villa,Norwich,1,0,https://www.rsssf.org/tablese/eng2020.html,1,1,Kandang menang
2019/20,19,Dec 26,Bournemouth,Arsenal,1,1,https://www.rsssf.org/tablese/eng2020.html,2,0,Seri
2019/20,19,Dec 26,Chelsea,Southampton,0,2,https://www.rsssf.org/tablese/eng2020.html,2,-2,Tandang menang
2019/20,19,Dec 26,Crystal P,West Ham,2,1,https://www.rsssf.org/tablese/eng2020.html,3,1,Kandang menang
2019/20,19,Dec 26,Everton,Burnley,1,0,https://www.rsssf.org/tablese/eng2020.html,1,1,Kandang menang
2019/20,19,Dec 26,Sheffield U,Watford,1,1,https://www.rsssf.org/tablese/eng2020.html,2,0,Seri
2019/20,19,Dec 26,Manchester U,Newcastle,4,1,https://www.rsssf.org/tablese/eng2020.html,5,3,Kandang menang
2019/20,19,Dec 26,Leicester,Liverpool,0,4,https://www.rsssf.org/tablese/eng2020.html,4,-4,Tandang menang
2019/20,19,Dec 27,Wolverhampton,Manchester C,3,2,https://www.rsssf.org/tablese/eng2020.html,5,1,Kandang menang
2019/20,20,Dec 28,Brighton,Bournemouth,2,0,https://www.rsssf.org/tablese/eng2020.html,2,2,Kandang menang
2019/20,20,Dec 28,Watford,Aston Villa,3,0,https://www.rsssf.org/tablese/eng2020.html,3,3,Kandang menang
2019/20,20,Dec 28,Southampton,Crystal P,1,1,https://www.rsssf.org/tablese/eng2020.html,2,0,Seri
2019/20,20,Dec 28,Newcastle,Everton,1,2,https://www.rsssf.org/tablese/eng2020.html,3,-1,Tandang menang
2019/20,20,Dec 28,Norwich,Tottenham,2,2,https://www.rsssf.org/tablese/eng2020.html,4,0,Seri
2019/20,20,Dec 28,West Ham,Leicester,1,2,https://www.rsssf.org/tablese/eng2020.html,3,-1,Tandang menang
2019/20,20,Dec 28,Burnley,Manchester U,0,2,https://www.rsssf.org/tablese/eng2020.html,2,-2,Tandang menang
2019/20,20,Dec 29,Arsenal,Chelsea,1,2,https://www.rsssf.org/tablese/eng2020.html,3,-1,Tandang menang
2019/20,20,Dec 29,Liverpool,Wolverhampton,1,0,https://www.rsssf.org/tablese/eng2020.html,1,1,Kandang menang
2019/20,20,Dec 29,Manchester C,Sheffield U,2,0,https://www.rsssf.org/tablese/eng2020.html,2,2,Kandang menang
2019/20,21,Jan 1,Burnley,Aston Villa,1,2,https://www.rsssf.org/tablese/eng2020.html,3,-1,Tandang menang
2019/20,21,Jan 1,Brighton,Chelsea,1,1,https://www.rsssf.org/tablese/eng2020.html,2,0,Seri
2019/20,21,Jan 1,Watford,Wolverhampton,2,1,https://www.rsssf.org/tablese/eng2020.html,3,1,Kandang menang
2019/20,21,Jan 1,Newcastle,Leicester,0,3,https://www.rsssf.org/tablese/eng2020.html,3,-3,Tandang menang
2019/20,21,Jan 1,Southampton,Tottenham,1,0,https://www.rsssf.org/tablese/eng2020.html,1,1,Kandang menang
2019/20,21,Jan 1,Norwich,Crystal P,1,1,https://www.rsssf.org/tablese/eng2020.html,2,0,Seri
2019/20,21,Jan 1,West Ham,Bournemouth,4,0,https://www.rsssf.org/tablese/eng2020.html,4,4,Kandang menang
2019/20,21,Jan 1,Manchester C,Everton,2,1,https://www.rsssf.org/tablese/eng2020.html,3,1,Kandang menang
2019/20,21,Jan 1,Arsenal,Manchester U,2,0,https://www.rsssf.org/tablese/eng2020.html,2,2,Kandang menang
2019/20,21,Jan 2,Liverpool,Sheffield U,2,0,https://www.rsssf.org/tablese/eng2020.html,2,2,Kandang menang
2019/20,22,Jan 10,Sheffield U,West Ham,1,0,https://www.rsssf.org/tablese/eng2020.html,1,1,Kandang menang
2019/20,22,Jan 11,Crystal P,Arsenal,1,1,https://www.rsssf.org/tablese/eng2020.html,2,0,Seri
2019/20,22,Jan 11,Chelsea,Burnley,3,0,https://www.rsssf.org/tablese/eng2020.html,3,3,Kandang menang
2019/20,22,Jan 11,Everton,Brighton,1,0,https://www.rsssf.org/tablese/eng2020.html,1,1,Kandang menang
2019/20,22,Jan 11,Leicester,Southampton,1,2,https://www.rsssf.org/tablese/eng2020.html,3,-1,Tandang menang
2019/20,22,Jan 11,Manchester U,Norwich,4,0,https://www.rsssf.org/tablese/eng2020.html,4,4,Kandang menang
2019/20,22,Jan 11,Wolverhampton,Newcastle,1,1,https://www.rsssf.org/tablese/eng2020.html,2,0,Seri
2019/20,22,Jan 11,Tottenham,Liverpool,0,1,https://www.rsssf.org/tablese/eng2020.html,1,-1,Tandang menang
2019/20,22,Jan 12,Bournemouth,Watford,0,3,https://www.rsssf.org/tablese/eng2020.html,3,-3,Tandang menang
2019/20,22,Jan 12,Aston Villa,Manchester C,1,6,https://www.rsssf.org/tablese/eng2020.html,7,-5,Tandang menang
2019/20,23,Jan 18,Watford,Tottenham,0,0,https://www.rsssf.org/tablese/eng2020.html,0,0,Seri
2019/20,23,Jan 18,Arsenal,Sheffield U,1,1,https://www.rsssf.org/tablese/eng2020.html,2,0,Seri
2019/20,23,Jan 18,Brighton,Aston Villa,1,1,https://www.rsssf.org/tablese/eng2020.html,2,0,Seri
2019/20,23,Jan 18,Manchester C,Crystal P,2,2,https://www.rsssf.org/tablese/eng2020.html,4,0,Seri
2019/20,23,Jan 18,Norwich,Bournemouth,1,0,https://www.rsssf.org/tablese/eng2020.html,1,1,Kandang menang
2019/20,23,Jan 18,Southampton,Wolverhampton,2,3,https://www.rsssf.org/tablese/eng2020.html,5,-1,Tandang menang
2019/20,23,Jan 18,West Ham,Everton,1,1,https://www.rsssf.org/tablese/eng2020.html,2,0,Seri
2019/20,23,Jan 18,Newcastle,Chelsea,1,0,https://www.rsssf.org/tablese/eng2020.html,1,1,Kandang menang
2019/20,23,Jan 19,Burnley,Leicester,2,1,https://www.rsssf.org/tablese/eng2020.html,3,1,Kandang menang
2019/20,23,Jan 19,Liverpool,Manchester U,2,0,https://www.rsssf.org/tablese/eng2020.html,2,2,Kandang menang
2019/20,24,Jan 21,Aston Villa,Watford,2,1,https://www.rsssf.org/tablese/eng2020.html,3,1,Kandang menang
2019/20,24,Jan 21,Bournemouth,Brighton,3,1,https://www.rsssf.org/tablese/eng2020.html,4,2,Kandang menang
2019/20,24,Jan 21,Crystal P,Southampton,0,2,https://www.rsssf.org/tablese/eng2020.html,2,-2,Tandang menang
2019/20,24,Jan 21,Everton,Newcastle,2,2,https://www.rsssf.org/tablese/eng2020.html,4,0,Seri
2019/20,24,Jan 21,Sheffield U,Manchester C,0,1,https://www.rsssf.org/tablese/eng2020.html,1,-1,Tandang menang
2019/20,24,Jan 21,Chelsea,Arsenal,2,2,https://www.rsssf.org/tablese/eng2020.html,4,0,Seri
2019/20,24,Jan 22,Leicester,West Ham,4,1,https://www.rsssf.org/tablese/eng2020.html,5,3,Kandang menang
2019/20,24,Jan 22,Tottenham,Norwich,2,1,https://www.rsssf.org/tablese/eng2020.html,3,1,Kandang menang
2019/20,24,Jan 22,Manchester U,Burnley,0,2,https://www.rsssf.org/tablese/eng2020.html,2,-2,Tandang menang
2019/20,24,Jan 23,Wolverhampton,Liverpool,1,2,https://www.rsssf.org/tablese/eng2020.html,3,-1,Tandang menang
2019/20,25,Feb 1,Leicester,Chelsea,2,2,https://www.rsssf.org/tablese/eng2020.html,4,0,Seri
2019/20,25,Feb 1,Bournemouth,Aston Villa,2,1,https://www.rsssf.org/tablese/eng2020.html,3,1,Kandang menang
2019/20,25,Feb 1,Crystal P,Sheffield U,0,1,https://www.rsssf.org/tablese/eng2020.html,1,-1,Tandang menang
2019/20,25,Feb 1,Liverpool,Southampton,4,0,https://www.rsssf.org/tablese/eng2020.html,4,4,Kandang menang
2019/20,25,Feb 1,Newcastle,Norwich,0,0,https://www.rsssf.org/tablese/eng2020.html,0,0,Seri
2019/20,25,Feb 1,Watford,Everton,2,3,https://www.rsssf.org/tablese/eng2020.html,5,-1,Tandang menang
2019/20,25,Feb 1,West Ham,Brighton,3,3,https://www.rsssf.org/tablese/eng2020.html,6,0,Seri
2019/20,25,Feb 1,Manchester U,Wolverhampton,0,0,https://www.rsssf.org/tablese/eng2020.html,0,0,Seri
2019/20,25,Feb 2,Burnley,Arsenal,0,0,https://www.rsssf.org/tablese/eng2020.html,0,0,Seri
2019/20,25,Feb 2,Tottenham,Manchester C,2,0,https://www.rsssf.org/tablese/eng2020.html,2,2,Kandang menang
2019/20,26,Feb 8,Everton,Crystal P,3,1,https://www.rsssf.org/tablese/eng2020.html,4,2,Kandang menang
2019/20,26,Feb 8,Brighton,Watford,1,1,https://www.rsssf.org/tablese/eng2020.html,2,0,Seri
2019/20,26,Feb 9,Sheffield U,Bournemouth,2,1,https://www.rsssf.org/tablese/eng2020.html,3,1,Kandang menang
2019/20,26,Feb 14,Wolverhampton,Leicester,0,0,https://www.rsssf.org/tablese/eng2020.html,0,0,Seri
2019/20,26,Feb 15,Southampton,Burnley,1,2,https://www.rsssf.org/tablese/eng2020.html,3,-1,Tandang menang
2019/20,26,Feb 15,Norwich,Liverpool,0,1,https://www.rsssf.org/tablese/eng2020.html,1,-1,Tandang menang
2019/20,26,Feb 16,Aston Villa,Tottenham,2,3,https://www.rsssf.org/tablese/eng2020.html,5,-1,Tandang menang
2019/20,26,Feb 16,Arsenal,Newcastle,4,0,https://www.rsssf.org/tablese/eng2020.html,4,4,Kandang menang
2019/20,26,Feb 17,Chelsea,Manchester U,0,2,https://www.rsssf.org/tablese/eng2020.html,2,-2,Tandang menang
2019/20,26,Feb 19,Manchester C,West Ham,2,0,https://www.rsssf.org/tablese/eng2020.html,2,2,Kandang menang
2019/20,27,Feb 22,Chelsea,Tottenham,2,1,https://www.rsssf.org/tablese/eng2020.html,3,1,Kandang menang
2019/20,27,Feb 22,Burnley,Bournemouth,3,0,https://www.rsssf.org/tablese/eng2020.html,3,3,Kandang menang
2019/20,27,Feb 22,Crystal P,Newcastle,1,0,https://www.rsssf.org/tablese/eng2020.html,1,1,Kandang menang
2019/20,27,Feb 22,Sheffield U,Brighton,1,1,https://www.rsssf.org/tablese/eng2020.html,2,0,Seri
2019/20,27,Feb 22,Southampton,Aston Villa,2,0,https://www.rsssf.org/tablese/eng2020.html,2,2,Kandang menang
2019/20,27,Feb 22,Leicester,Manchester C,0,1,https://www.rsssf.org/tablese/eng2020.html,1,-1,Tandang menang
2019/20,27,Feb 23,Manchester U,Watford,3,0,https://www.rsssf.org/tablese/eng2020.html,3,3,Kandang menang
2019/20,27,Feb 23,Wolverhampton,Norwich,3,0,https://www.rsssf.org/tablese/eng2020.html,3,3,Kandang menang
2019/20,27,Feb 23,Arsenal,Everton,3,2,https://www.rsssf.org/tablese/eng2020.html,5,1,Kandang menang
2019/20,27,Feb 24,Liverpool,West Ham,3,2,https://www.rsssf.org/tablese/eng2020.html,5,1,Kandang menang
2019/20,28,Feb 28,Norwich,Leicester,1,0,https://www.rsssf.org/tablese/eng2020.html,1,1,Kandang menang
2019/20,28,Feb 29,Brighton,Crystal P,0,1,https://www.rsssf.org/tablese/eng2020.html,1,-1,Tandang menang
2019/20,28,Feb 29,Bournemouth,Chelsea,2,2,https://www.rsssf.org/tablese/eng2020.html,4,0,Seri
2019/20,28,Feb 29,Newcastle,Burnley,0,0,https://www.rsssf.org/tablese/eng2020.html,0,0,Seri
2019/20,28,Feb 29,West Ham,Southampton,3,1,https://www.rsssf.org/tablese/eng2020.html,4,2,Kandang menang
2019/20,28,Feb 29,Watford,Liverpool,3,0,https://www.rsssf.org/tablese/eng2020.html,3,3,Kandang menang
2019/20,28,Mar 1,Everton,Manchester U,1,1,https://www.rsssf.org/tablese/eng2020.html,2,0,Seri
2019/20,28,Mar 1,Tottenham,Wolverhampton,2,3,https://www.rsssf.org/tablese/eng2020.html,5,-1,Tandang menang
2019/20,28,Jun 17,Aston Villa,Sheffield U,0,0,https://www.rsssf.org/tablese/eng2020.html,0,0,Seri
2019/20,28,Jun 17,Manchester C,Arsenal,3,0,https://www.rsssf.org/tablese/eng2020.html,3,3,Kandang menang
2019/20,29,Mar 7,Liverpool,Bournemouth,2,1,https://www.rsssf.org/tablese/eng2020.html,3,1,Kandang menang
2019/20,29,Mar 7,Arsenal,West Ham,1,0,https://www.rsssf.org/tablese/eng2020.html,1,1,Kandang menang
2019/20,29,Mar 7,Crystal P,Watford,1,0,https://www.rsssf.org/tablese/eng2020.html,1,1,Kandang menang
2019/20,29,Mar 7,Sheffield U,Norwich,1,0,https://www.rsssf.org/tablese/eng2020.html,1,1,Kandang menang
2019/20,29,Mar 7,Southampton,Newcastle,0,1,https://www.rsssf.org/tablese/eng2020.html,1,-1,Tandang menang
2019/20,29,Mar 7,Wolverhampton,Brighton,0,0,https://www.rsssf.org/tablese/eng2020.html,0,0,Seri
2019/20,29,Mar 7,Burnley,Tottenham,1,1,https://www.rsssf.org/tablese/eng2020.html,2,0,Seri
2019/20,29,Mar 8,Chelsea,Everton,4,0,https://www.rsssf.org/tablese/eng2020.html,4,4,Kandang menang
2019/20,29,Mar 8,Manchester U,Manchester C,2,0,https://www.rsssf.org/tablese/eng2020.html,2,2,Kandang menang
2019/20,29,Mar 9,Leicester,Aston Villa,4,0,https://www.rsssf.org/tablese/eng2020.html,4,4,Kandang menang
2019/20,30,Jun 19,Norwich,Southampton,0,3,https://www.rsssf.org/tablese/eng2020.html,3,-3,Tandang menang
2019/20,30,Jun 19,Tottenham,Manchester U,1,1,https://www.rsssf.org/tablese/eng2020.html,2,0,Seri
2019/20,30,Jun 20,Watford,Leicester,1,1,https://www.rsssf.org/tablese/eng2020.html,2,0,Seri
2019/20,30,Jun 20,Brighton,Arsenal,2,1,https://www.rsssf.org/tablese/eng2020.html,3,1,Kandang menang
2019/20,30,Jun 20,West Ham,Wolverhampton,0,2,https://www.rsssf.org/tablese/eng2020.html,2,-2,Tandang menang
2019/20,30,Jun 20,Bournemouth,Crystal P,0,2,https://www.rsssf.org/tablese/eng2020.html,2,-2,Tandang menang
2019/20,30,Jun 21,Newcastle,Sheffield U,3,0,https://www.rsssf.org/tablese/eng2020.html,3,3,Kandang menang
2019/20,30,Jun 21,Aston Villa,Chelsea,1,2,https://www.rsssf.org/tablese/eng2020.html,3,-1,Tandang menang
2019/20,30,Jun 21,Everton,Liverpool,0,0,https://www.rsssf.org/tablese/eng2020.html,0,0,Seri
2019/20,30,Jun 22,Manchester C,Burnley,5,0,https://www.rsssf.org/tablese/eng2020.html,5,5,Kandang menang
2019/20,31,Jun 23,Leicester,Brighton,0,0,https://www.rsssf.org/tablese/eng2020.html,0,0,Seri
2019/20,31,Jun 23,Tottenham,West Ham,2,0,https://www.rsssf.org/tablese/eng2020.html,2,2,Kandang menang
2019/20,31,Jun 24,Manchester U,Sheffield U,3,0,https://www.rsssf.org/tablese/eng2020.html,3,3,Kandang menang
2019/20,31,Jun 24,Newcastle,Aston Villa,1,1,https://www.rsssf.org/tablese/eng2020.html,2,0,Seri
2019/20,31,Jun 24,Norwich,Everton,0,1,https://www.rsssf.org/tablese/eng2020.html,1,-1,Tandang menang
2019/20,31,Jun 24,Wolverhampton,Bournemouth,1,0,https://www.rsssf.org/tablese/eng2020.html,1,1,Kandang menang
2019/20,31,Jun 24,Liverpool,Crystal P,4,0,https://www.rsssf.org/tablese/eng2020.html,4,4,Kandang menang
2019/20,31,Jun 25,Burnley,Watford,1,0,https://www.rsssf.org/tablese/eng2020.html,1,1,Kandang menang
2019/20,31,Jun 25,Southampton,Arsenal,0,2,https://www.rsssf.org/tablese/eng2020.html,2,-2,Tandang menang
2019/20,31,Jun 25,Chelsea,Manchester C,2,1,https://www.rsssf.org/tablese/eng2020.html,3,1,Kandang menang
2019/20,32,Jun 27,Aston Villa,Wolverhampton,0,1,https://www.rsssf.org/tablese/eng2020.html,1,-1,Tandang menang
2019/20,32,Jun 28,Watford,Southampton,1,3,https://www.rsssf.org/tablese/eng2020.html,4,-2,Tandang menang
2019/20,32,Jun 29,Crystal P,Burnley,0,1,https://www.rsssf.org/tablese/eng2020.html,1,-1,Tandang menang
2019/20,32,Jun 30,Brighton,Manchester U,0,3,https://www.rsssf.org/tablese/eng2020.html,3,-3,Tandang menang
2019/20,32,Jul 1,Arsenal,Norwich,4,0,https://www.rsssf.org/tablese/eng2020.html,4,4,Kandang menang
2019/20,32,Jul 1,Bournemouth,Newcastle,1,4,https://www.rsssf.org/tablese/eng2020.html,5,-3,Tandang menang
2019/20,32,Jul 1,Everton,Leicester,2,1,https://www.rsssf.org/tablese/eng2020.html,3,1,Kandang menang
2019/20,32,Jul 1,West Ham,Chelsea,3,2,https://www.rsssf.org/tablese/eng2020.html,5,1,Kandang menang
2019/20,32,Jul 2,Sheffield U,Tottenham,3,1,https://www.rsssf.org/tablese/eng2020.html,4,2,Kandang menang
2019/20,32,Jul 2,Manchester C,Liverpool,4,0,https://www.rsssf.org/tablese/eng2020.html,4,4,Kandang menang
2019/20,33,Jul 4,Norwich,Brighton,0,1,https://www.rsssf.org/tablese/eng2020.html,1,-1,Tandang menang
2019/20,33,Jul 4,Leicester,Crystal P,3,0,https://www.rsssf.org/tablese/eng2020.html,3,3,Kandang menang
2019/20,33,Jul 4,Manchester U,Bournemouth,5,2,https://www.rsssf.org/tablese/eng2020.html,7,3,Kandang menang
2019/20,33,Jul 4,Wolverhampton,Arsenal,0,2,https://www.rsssf.org/tablese/eng2020.html,2,-2,Tandang menang
2019/20,33,Jul 4,Chelsea,Watford,3,0,https://www.rsssf.org/tablese/eng2020.html,3,3,Kandang menang
2019/20,33,Jul 5,Burnley,Sheffield U,1,1,https://www.rsssf.org/tablese/eng2020.html,2,0,Seri
2019/20,33,Jul 5,Newcastle,West Ham,2,2,https://www.rsssf.org/tablese/eng2020.html,4,0,Seri
2019/20,33,Jul 5,Liverpool,Aston Villa,2,0,https://www.rsssf.org/tablese/eng2020.html,2,2,Kandang menang
2019/20,33,Jul 5,Southampton,Manchester C,1,0,https://www.rsssf.org/tablese/eng2020.html,1,1,Kandang menang
2019/20,33,Jul 6,Tottenham,Everton,1,0,https://www.rsssf.org/tablese/eng2020.html,1,1,Kandang menang
2019/20,34,Jul 7,Crystal P,Chelsea,2,3,https://www.rsssf.org/tablese/eng2020.html,5,-1,Tandang menang
2019/20,34,Jul 7,Watford,Norwich,2,1,https://www.rsssf.org/tablese/eng2020.html,3,1,Kandang menang
2019/20,34,Jul 7,Arsenal,Leicester,1,1,https://www.rsssf.org/tablese/eng2020.html,2,0,Seri
2019/20,34,Jul 8,Manchester C,Newcastle,5,0,https://www.rsssf.org/tablese/eng2020.html,5,5,Kandang menang
2019/20,34,Jul 8,Sheffield U,Wolverhampton,1,0,https://www.rsssf.org/tablese/eng2020.html,1,1,Kandang menang
2019/20,34,Jul 8,West Ham,Burnley,0,1,https://www.rsssf.org/tablese/eng2020.html,1,-1,Tandang menang
2019/20,34,Jul 8,Brighton,Liverpool,1,3,https://www.rsssf.org/tablese/eng2020.html,4,-2,Tandang menang
2019/20,34,Jul 9,Bournemouth,Tottenham,0,0,https://www.rsssf.org/tablese/eng2020.html,0,0,Seri
2019/20,34,Jul 9,Everton,Southampton,1,1,https://www.rsssf.org/tablese/eng2020.html,2,0,Seri
2019/20,34,Jul 9,Aston Villa,Manchester U,0,3,https://www.rsssf.org/tablese/eng2020.html,3,-3,Tandang menang
2019/20,35,Jul 11,Norwich,West Ham,0,4,https://www.rsssf.org/tablese/eng2020.html,4,-4,Tandang menang
2019/20,35,Jul 11,Watford,Newcastle,2,1,https://www.rsssf.org/tablese/eng2020.html,3,1,Kandang menang
2019/20,35,Jul 11,Liverpool,Burnley,1,1,https://www.rsssf.org/tablese/eng2020.html,2,0,Seri
2019/20,35,Jul 11,Sheffield U,Chelsea,3,0,https://www.rsssf.org/tablese/eng2020.html,3,3,Kandang menang
2019/20,35,Jul 11,Brighton,Manchester C,0,5,https://www.rsssf.org/tablese/eng2020.html,5,-5,Tandang menang
2019/20,35,Jul 12,Wolverhampton,Everton,3,0,https://www.rsssf.org/tablese/eng2020.html,3,3,Kandang menang
2019/20,35,Jul 12,Aston Villa,Crystal P,2,0,https://www.rsssf.org/tablese/eng2020.html,2,2,Kandang menang
2019/20,35,Jul 12,Tottenham,Arsenal,2,1,https://www.rsssf.org/tablese/eng2020.html,3,1,Kandang menang
2019/20,35,Jul 12,Bournemouth,Leicester,4,1,https://www.rsssf.org/tablese/eng2020.html,5,3,Kandang menang
2019/20,35,Jul 13,Manchester U,Southampton,2,2,https://www.rsssf.org/tablese/eng2020.html,4,0,Seri
2019/20,36,Jul 14,Chelsea,Norwich,1,0,https://www.rsssf.org/tablese/eng2020.html,1,1,Kandang menang
2019/20,36,Jul 15,Burnley,Wolverhampton,1,1,https://www.rsssf.org/tablese/eng2020.html,2,0,Seri
2019/20,36,Jul 15,Manchester C,Bournemouth,2,1,https://www.rsssf.org/tablese/eng2020.html,3,1,Kandang menang
2019/20,36,Jul 15,Newcastle,Tottenham,1,3,https://www.rsssf.org/tablese/eng2020.html,4,-2,Tandang menang
2019/20,36,Jul 15,Arsenal,Liverpool,2,1,https://www.rsssf.org/tablese/eng2020.html,3,1,Kandang menang
2019/20,36,Jul 16,Everton,Aston Villa,1,1,https://www.rsssf.org/tablese/eng2020.html,2,0,Seri
2019/20,36,Jul 16,Leicester,Sheffield U,2,0,https://www.rsssf.org/tablese/eng2020.html,2,2,Kandang menang
2019/20,36,Jul 16,Crystal P,Manchester U,0,2,https://www.rsssf.org/tablese/eng2020.html,2,-2,Tandang menang
2019/20,36,Jul 16,Southampton,Brighton,1,1,https://www.rsssf.org/tablese/eng2020.html,2,0,Seri
2019/20,36,Jul 17,West Ham,Watford,3,1,https://www.rsssf.org/tablese/eng2020.html,4,2,Kandang menang
2019/20,37,Jul 18,Norwich,Burnley,0,2,https://www.rsssf.org/tablese/eng2020.html,2,-2,Tandang menang
2019/20,37,Jul 19,Bournemouth,Southampton,0,2,https://www.rsssf.org/tablese/eng2020.html,2,-2,Tandang menang
2019/20,37,Jul 19,Tottenham,Leicester,3,0,https://www.rsssf.org/tablese/eng2020.html,3,3,Kandang menang
2019/20,37,Jul 20,Brighton,Newcastle,0,0,https://www.rsssf.org/tablese/eng2020.html,0,0,Seri
2019/20,37,Jul 20,Sheffield U,Everton,0,1,https://www.rsssf.org/tablese/eng2020.html,1,-1,Tandang menang
2019/20,37,Jul 20,Wolverhampton,Crystal P,2,0,https://www.rsssf.org/tablese/eng2020.html,2,2,Kandang menang
2019/20,37,Jul 21,Watford,Manchester C,0,4,https://www.rsssf.org/tablese/eng2020.html,4,-4,Tandang menang
2019/20,37,Jul 21,Aston Villa,Arsenal,1,0,https://www.rsssf.org/tablese/eng2020.html,1,1,Kandang menang
2019/20,37,Jul 22,Manchester U,West Ham,1,1,https://www.rsssf.org/tablese/eng2020.html,2,0,Seri
2019/20,37,Jul 22,Liverpool,Chelsea,5,3,https://www.rsssf.org/tablese/eng2020.html,8,2,Kandang menang
2019/20,38,,Arsenal,Watford,3,2,https://www.rsssf.org/tablese/eng2020.html,5,1,Kandang menang
2019/20,38,,Burnley,Brighton,1,2,https://www.rsssf.org/tablese/eng2020.html,3,-1,Tandang menang
2019/20,38,,Chelsea,Wolverhampton,2,0,https://www.rsssf.org/tablese/eng2020.html,2,2,Kandang menang
2019/20,38,,Crystal P,Tottenham,1,1,https://www.rsssf.org/tablese/eng2020.html,2,0,Seri
2019/20,38,,Everton,Bournemouth,1,3,https://www.rsssf.org/tablese/eng2020.html,4,-2,Tandang menang
2019/20,38,,Leicester,Manchester U,0,2,https://www.rsssf.org/tablese/eng2020.html,2,-2,Tandang menang
2019/20,38,,Manchester C,Norwich,5,0,https://www.rsssf.org/tablese/eng2020.html,5,5,Kandang menang
2019/20,38,,Newcastle,Liverpool,1,3,https://www.rsssf.org/tablese/eng2020.html,4,-2,Tandang menang
2019/20,38,,Southampton,Sheffield U,3,1,https://www.rsssf.org/tablese/eng2020.html,4,2,Kandang menang
2019/20,38,,West Ham,Aston Villa,1,1,https://www.rsssf.org/tablese/eng2020.html,2,0,Seri
2020/21,1,Sep 12,Fulham,Arsenal,0,3,https://www.rsssf.org/tablese/eng2021.html,3,-3,Tandang menang
2020/21,1,Sep 12,Crystal P,Southampton,1,0,https://www.rsssf.org/tablese/eng2021.html,1,1,Kandang menang
2020/21,1,Sep 12,Liverpool,Leeds,4,3,https://www.rsssf.org/tablese/eng2021.html,7,1,Kandang menang
2020/21,1,Sep 12,West Ham,Newcastle,0,2,https://www.rsssf.org/tablese/eng2021.html,2,-2,Tandang menang
2020/21,1,Sep 13,West Bromwich,Leicester,0,3,https://www.rsssf.org/tablese/eng2021.html,3,-3,Tandang menang
2020/21,1,Sep 13,Tottenham,Everton,0,1,https://www.rsssf.org/tablese/eng2021.html,1,-1,Tandang menang
2020/21,1,Sep 14,Sheffield U,Wolverhampton,0,2,https://www.rsssf.org/tablese/eng2021.html,2,-2,Tandang menang
2020/21,1,Sep 14,Brighton,Chelsea,1,3,https://www.rsssf.org/tablese/eng2021.html,4,-2,Tandang menang
2020/21,1,Jan 12,Burnley,Manchester U,0,1,https://www.rsssf.org/tablese/eng2021.html,1,-1,Tandang menang
2020/21,1,Jan 20,Manchester C,Aston Villa,2,0,https://www.rsssf.org/tablese/eng2021.html,2,2,Kandang menang
2020/21,2,Sep 19,Everton,West Bromwich,5,2,https://www.rsssf.org/tablese/eng2021.html,7,3,Kandang menang
2020/21,2,Sep 19,Leeds,Fulham,4,3,https://www.rsssf.org/tablese/eng2021.html,7,1,Kandang menang
2020/21,2,Sep 19,Manchester U,Crystal P,1,3,https://www.rsssf.org/tablese/eng2021.html,4,-2,Tandang menang
2020/21,2,Sep 19,Arsenal,West Ham,2,1,https://www.rsssf.org/tablese/eng2021.html,3,1,Kandang menang
2020/21,2,Sep 20,Southampton,Tottenham,2,5,https://www.rsssf.org/tablese/eng2021.html,7,-3,Tandang menang
2020/21,2,Sep 20,Newcastle,Brighton,0,3,https://www.rsssf.org/tablese/eng2021.html,3,-3,Tandang menang
2020/21,2,Sep 20,Chelsea,Liverpool,0,2,https://www.rsssf.org/tablese/eng2021.html,2,-2,Tandang menang
2020/21,2,Sep 20,Leicester,Burnley,4,2,https://www.rsssf.org/tablese/eng2021.html,6,2,Kandang menang
2020/21,2,Sep 21,Aston Villa,Sheffield U,1,0,https://www.rsssf.org/tablese/eng2021.html,1,1,Kandang menang
2020/21,2,Sep 21,Wolverhampton,Manchester C,1,3,https://www.rsssf.org/tablese/eng2021.html,4,-2,Tandang menang
2020/21,3,Sep 26,Brighton,Manchester U,2,3,https://www.rsssf.org/tablese/eng2021.html,5,-1,Tandang menang
2020/21,3,Sep 26,Crystal P,Everton,1,2,https://www.rsssf.org/tablese/eng2021.html,3,-1,Tandang menang
2020/21,3,Sep 26,West Bromwich,Chelsea,3,3,https://www.rsssf.org/tablese/eng2021.html,6,0,Seri
2020/21,3,Sep 26,Burnley,Southampton,0,1,https://www.rsssf.org/tablese/eng2021.html,1,-1,Tandang menang
2020/21,3,Sep 27,Sheffield U,Leeds,0,1,https://www.rsssf.org/tablese/eng2021.html,1,-1,Tandang menang
2020/21,3,Sep 27,Tottenham,Newcastle,1,1,https://www.rsssf.org/tablese/eng2021.html,2,0,Seri
2020/21,3,Sep 27,Manchester C,Leicester,2,5,https://www.rsssf.org/tablese/eng2021.html,7,-3,Tandang menang
2020/21,3,Sep 27,West Ham,Wolverhampton,4,0,https://www.rsssf.org/tablese/eng2021.html,4,4,Kandang menang
2020/21,3,Sep 28,Fulham,Aston Villa,0,3,https://www.rsssf.org/tablese/eng2021.html,3,-3,Tandang menang
2020/21,3,Sep 28,Liverpool,Arsenal,3,1,https://www.rsssf.org/tablese/eng2021.html,4,2,Kandang menang
2020/21,4,Oct 3,Chelsea,Crystal P,4,0,https://www.rsssf.org/tablese/eng2021.html,4,4,Kandang menang
2020/21,4,Oct 3,Everton,Brighton,4,2,https://www.rsssf.org/tablese/eng2021.html,6,2,Kandang menang
2020/21,4,Oct 3,Leeds,Manchester C,1,1,https://www.rsssf.org/tablese/eng2021.html,2,0,Seri
2020/21,4,Oct 3,Newcastle,Burnley,3,1,https://www.rsssf.org/tablese/eng2021.html,4,2,Kandang menang
2020/21,4,Oct 4,Southampton,West Bromwich,2,0,https://www.rsssf.org/tablese/eng2021.html,2,2,Kandang menang
2020/21,4,Oct 4,Leicester,West Ham,0,3,https://www.rsssf.org/tablese/eng2021.html,3,-3,Tandang menang
2020/21,4,Oct 4,Arsenal,Sheffield U,2,1,https://www.rsssf.org/tablese/eng2021.html,3,1,Kandang menang
2020/21,4,Oct 4,Wolverhampton,Fulham,1,0,https://www.rsssf.org/tablese/eng2021.html,1,1,Kandang menang
2020/21,4,Oct 4,Manchester U,Tottenham,1,6,https://www.rsssf.org/tablese/eng2021.html,7,-5,Tandang menang
2020/21,4,Oct 4,Aston Villa,Liverpool,7,2,https://www.rsssf.org/tablese/eng2021.html,9,5,Kandang menang
2020/21,5,Oct 17,Everton,Liverpool,2,2,https://www.rsssf.org/tablese/eng2021.html,4,0,Seri
2020/21,5,Oct 17,Chelsea,Southampton,3,3,https://www.rsssf.org/tablese/eng2021.html,6,0,Seri
2020/21,5,Oct 17,Manchester C,Arsenal,1,0,https://www.rsssf.org/tablese/eng2021.html,1,1,Kandang menang
2020/21,5,Oct 17,Newcastle,Manchester U,1,4,https://www.rsssf.org/tablese/eng2021.html,5,-3,Tandang menang
2020/21,5,Oct 18,Sheffield U,Fulham,1,1,https://www.rsssf.org/tablese/eng2021.html,2,0,Seri
2020/21,5,Oct 18,Crystal P,Brighton,1,1,https://www.rsssf.org/tablese/eng2021.html,2,0,Seri
2020/21,5,Oct 18,Tottenham,West Ham,3,3,https://www.rsssf.org/tablese/eng2021.html,6,0,Seri
2020/21,5,Oct 18,Leicester,Aston Villa,0,1,https://www.rsssf.org/tablese/eng2021.html,1,-1,Tandang menang
2020/21,5,Oct 19,West Bromwich,Burnley,0,0,https://www.rsssf.org/tablese/eng2021.html,0,0,Seri
2020/21,5,Oct 19,Leeds,Wolverhampton,0,1,https://www.rsssf.org/tablese/eng2021.html,1,-1,Tandang menang
2020/21,6,Oct 23,Aston Villa,Leeds,0,3,https://www.rsssf.org/tablese/eng2021.html,3,-3,Tandang menang
2020/21,6,Oct 24,West Ham,Manchester C,1,1,https://www.rsssf.org/tablese/eng2021.html,2,0,Seri
2020/21,6,Oct 24,Fulham,Crystal P,1,2,https://www.rsssf.org/tablese/eng2021.html,3,-1,Tandang menang
2020/21,6,Oct 24,Manchester U,Chelsea,0,0,https://www.rsssf.org/tablese/eng2021.html,0,0,Seri
2020/21,6,Oct 24,Liverpool,Sheffield U,2,1,https://www.rsssf.org/tablese/eng2021.html,3,1,Kandang menang
2020/21,6,Oct 25,Southampton,Everton,2,0,https://www.rsssf.org/tablese/eng2021.html,2,2,Kandang menang
2020/21,6,Oct 25,Wolverhampton,Newcastle,1,1,https://www.rsssf.org/tablese/eng2021.html,2,0,Seri
2020/21,6,Oct 25,Arsenal,Leicester,0,1,https://www.rsssf.org/tablese/eng2021.html,1,-1,Tandang menang
2020/21,6,Oct 26,Brighton,West Bromwich,1,1,https://www.rsssf.org/tablese/eng2021.html,2,0,Seri
2020/21,6,Oct 26,Burnley,Tottenham,0,1,https://www.rsssf.org/tablese/eng2021.html,1,-1,Tandang menang
2020/21,7,Oct 30,Wolverhampton,Crystal P,2,0,https://www.rsssf.org/tablese/eng2021.html,2,2,Kandang menang
2020/21,7,Oct 31,Sheffield U,Manchester C,0,1,https://www.rsssf.org/tablese/eng2021.html,1,-1,Tandang menang
2020/21,7,Oct 31,Burnley,Chelsea,0,3,https://www.rsssf.org/tablese/eng2021.html,3,-3,Tandang menang
2020/21,7,Oct 31,Liverpool,West Ham,2,1,https://www.rsssf.org/tablese/eng2021.html,3,1,Kandang menang
2020/21,7,Nov 1,Aston Villa,Southampton,3,4,https://www.rsssf.org/tablese/eng2021.html,7,-1,Tandang menang
2020/21,7,Nov 1,Newcastle,Everton,2,1,https://www.rsssf.org/tablese/eng2021.html,3,1,Kandang menang
2020/21,7,Nov 1,Manchester U,Arsenal,0,1,https://www.rsssf.org/tablese/eng2021.html,1,-1,Tandang menang
2020/21,7,Nov 1,Tottenham,Brighton,2,1,https://www.rsssf.org/tablese/eng2021.html,3,1,Kandang menang
2020/21,7,Nov 2,Fulham,West Bromwich,2,0,https://www.rsssf.org/tablese/eng2021.html,2,2,Kandang menang
2020/21,7,Nov 2,Leeds,Leicester,1,4,https://www.rsssf.org/tablese/eng2021.html,5,-3,Tandang menang
2020/21,8,Nov 6,Brighton,Burnley,0,0,https://www.rsssf.org/tablese/eng2021.html,0,0,Seri
2020/21,8,Nov 6,Southampton,Newcastle,2,0,https://www.rsssf.org/tablese/eng2021.html,2,2,Kandang menang
2020/21,8,Nov 7,Everton,Manchester U,1,3,https://www.rsssf.org/tablese/eng2021.html,4,-2,Tandang menang
2020/21,8,Nov 7,Crystal P,Leeds,4,1,https://www.rsssf.org/tablese/eng2021.html,5,3,Kandang menang
2020/21,8,Nov 7,Chelsea,Sheffield U,4,1,https://www.rsssf.org/tablese/eng2021.html,5,3,Kandang menang
2020/21,8,Nov 7,West Ham,Fulham,1,0,https://www.rsssf.org/tablese/eng2021.html,1,1,Kandang menang
2020/21,8,Nov 8,West Bromwich,Tottenham,0,1,https://www.rsssf.org/tablese/eng2021.html,1,-1,Tandang menang
2020/21,8,Nov 8,Leicester,Wolverhampton,1,0,https://www.rsssf.org/tablese/eng2021.html,1,1,Kandang menang
2020/21,8,Nov 8,Manchester C,Liverpool,1,1,https://www.rsssf.org/tablese/eng2021.html,2,0,Seri
2020/21,8,Nov 8,Arsenal,Aston Villa,0,3,https://www.rsssf.org/tablese/eng2021.html,3,-3,Tandang menang
2020/21,9,Nov 21,Newcastle,Chelsea,0,2,https://www.rsssf.org/tablese/eng2021.html,2,-2,Tandang menang
2020/21,9,Nov 21,Aston Villa,Brighton,1,2,https://www.rsssf.org/tablese/eng2021.html,3,-1,Tandang menang
2020/21,9,Nov 21,Tottenham,Manchester C,2,0,https://www.rsssf.org/tablese/eng2021.html,2,2,Kandang menang
2020/21,9,Nov 21,Manchester U,West Bromwich,1,0,https://www.rsssf.org/tablese/eng2021.html,1,1,Kandang menang
2020/21,9,Nov 22,Fulham,Everton,2,3,https://www.rsssf.org/tablese/eng2021.html,5,-1,Tandang menang
2020/21,9,Nov 22,Sheffield U,West Ham,0,1,https://www.rsssf.org/tablese/eng2021.html,1,-1,Tandang menang
2020/21,9,Nov 22,Leeds,Arsenal,0,0,https://www.rsssf.org/tablese/eng2021.html,0,0,Seri
2020/21,9,Nov 22,Liverpool,Leicester,3,0,https://www.rsssf.org/tablese/eng2021.html,3,3,Kandang menang
2020/21,9,Nov 23,Burnley,Crystal P,1,0,https://www.rsssf.org/tablese/eng2021.html,1,1,Kandang menang
2020/21,9,Nov 23,Wolverhampton,Southampton,1,1,https://www.rsssf.org/tablese/eng2021.html,2,0,Seri
2020/21,10,Nov 27,Crystal P,Newcastle,0,2,https://www.rsssf.org/tablese/eng2021.html,2,-2,Tandang menang
2020/21,10,Nov 28,Brighton,Liverpool,1,1,https://www.rsssf.org/tablese/eng2021.html,2,0,Seri
2020/21,10,Nov 28,Manchester C,Burnley,5,0,https://www.rsssf.org/tablese/eng2021.html,5,5,Kandang menang
2020/21,10,Nov 28,Everton,Leeds,0,1,https://www.rsssf.org/tablese/eng2021.html,1,-1,Tandang menang
2020/21,10,Nov 28,West Bromwich,Sheffield U,1,0,https://www.rsssf.org/tablese/eng2021.html,1,1,Kandang menang
2020/21,10,Nov 29,Southampton,Manchester U,2,3,https://www.rsssf.org/tablese/eng2021.html,5,-1,Tandang menang
2020/21,10,Nov 29,Chelsea,Tottenham,0,0,https://www.rsssf.org/tablese/eng2021.html,0,0,Seri
2020/21,10,Nov 29,Arsenal,Wolverhampton,1,2,https://www.rsssf.org/tablese/eng2021.html,3,-1,Tandang menang
2020/21,10,Nov 30,Leicester,Fulham,1,2,https://www.rsssf.org/tablese/eng2021.html,3,-1,Tandang menang
2020/21,10,Nov 30,West Ham,Aston Villa,2,1,https://www.rsssf.org/tablese/eng2021.html,3,1,Kandang menang
2020/21,11,Dec 5,Burnley,Everton,1,1,https://www.rsssf.org/tablese/eng2021.html,2,0,Seri
2020/21,11,Dec 5,Manchester C,Fulham,2,0,https://www.rsssf.org/tablese/eng2021.html,2,2,Kandang menang
2020/21,11,Dec 5,West Ham,Manchester U,1,3,https://www.rsssf.org/tablese/eng2021.html,4,-2,Tandang menang
2020/21,11,Dec 5,Chelsea,Leeds,3,1,https://www.rsssf.org/tablese/eng2021.html,4,2,Kandang menang
2020/21,11,Dec 6,West Bromwich,Crystal P,1,5,https://www.rsssf.org/tablese/eng2021.html,6,-4,Tandang menang
2020/21,11,Dec 6,Sheffield U,Leicester,1,2,https://www.rsssf.org/tablese/eng2021.html,3,-1,Tandang menang
2020/21,11,Dec 6,Tottenham,Arsenal,2,0,https://www.rsssf.org/tablese/eng2021.html,2,2,Kandang menang
2020/21,11,Dec 6,Liverpool,Wolverhampton,4,0,https://www.rsssf.org/tablese/eng2021.html,4,4,Kandang menang
2020/21,11,Dec 7,Brighton,Southampton,1,2,https://www.rsssf.org/tablese/eng2021.html,3,-1,Tandang menang
2020/21,11,Jan 23,Aston Villa,Newcastle,2,0,https://www.rsssf.org/tablese/eng2021.html,2,2,Kandang menang
2020/21,12,Dec 11,Leeds,West Ham,1,2,https://www.rsssf.org/tablese/eng2021.html,3,-1,Tandang menang
2020/21,12,Dec 12,Wolverhampton,Aston Villa,0,1,https://www.rsssf.org/tablese/eng2021.html,1,-1,Tandang menang
2020/21,12,Dec 12,Newcastle,West Bromwich,2,1,https://www.rsssf.org/tablese/eng2021.html,3,1,Kandang menang
2020/21,12,Dec 12,Manchester U,Manchester C,0,0,https://www.rsssf.org/tablese/eng2021.html,0,0,Seri
2020/21,12,Dec 12,Everton,Chelsea,1,0,https://www.rsssf.org/tablese/eng2021.html,1,1,Kandang menang
2020/21,12,Dec 13,Southampton,Sheffield U,3,0,https://www.rsssf.org/tablese/eng2021.html,3,3,Kandang menang
2020/21,12,Dec 13,Crystal P,Tottenham,1,1,https://www.rsssf.org/tablese/eng2021.html,2,0,Seri
2020/21,12,Dec 13,Fulham,Liverpool,1,1,https://www.rsssf.org/tablese/eng2021.html,2,0,Seri
2020/21,12,Dec 13,Leicester,Brighton,3,0,https://www.rsssf.org/tablese/eng2021.html,3,3,Kandang menang
2020/21,12,Dec 13,Arsenal,Burnley,0,1,https://www.rsssf.org/tablese/eng2021.html,1,-1,Tandang menang
2020/21,13,Dec 15,Wolverhampton,Chelsea,2,1,https://www.rsssf.org/tablese/eng2021.html,3,1,Kandang menang
2020/21,13,Dec 15,Manchester C,West Bromwich,1,1,https://www.rsssf.org/tablese/eng2021.html,2,0,Seri
2020/21,13,Dec 16,Leicester,Everton,0,2,https://www.rsssf.org/tablese/eng2021.html,2,-2,Tandang menang
2020/21,13,Dec 16,Arsenal,Southampton,1,1,https://www.rsssf.org/tablese/eng2021.html,2,0,Seri
2020/21,13,Dec 16,Leeds,Newcastle,5,2,https://www.rsssf.org/tablese/eng2021.html,7,3,Kandang menang
2020/21,13,Dec 16,West Ham,Crystal P,1,1,https://www.rsssf.org/tablese/eng2021.html,2,0,Seri
2020/21,13,Dec 16,Liverpool,Tottenham,2,1,https://www.rsssf.org/tablese/eng2021.html,3,1,Kandang menang
2020/21,13,Dec 16,Fulham,Brighton,0,0,https://www.rsssf.org/tablese/eng2021.html,0,0,Seri
2020/21,13,Dec 17,Aston Villa,Burnley,0,0,https://www.rsssf.org/tablese/eng2021.html,0,0,Seri
2020/21,13,Dec 17,Sheffield U,Manchester U,2,3,https://www.rsssf.org/tablese/eng2021.html,5,-1,Tandang menang
2020/21,14,Dec 19,Crystal P,Liverpool,0,7,https://www.rsssf.org/tablese/eng2021.html,7,-7,Tandang menang
2020/21,14,Dec 19,Southampton,Manchester C,0,1,https://www.rsssf.org/tablese/eng2021.html,1,-1,Tandang menang
2020/21,14,Dec 19,Everton,Arsenal,2,1,https://www.rsssf.org/tablese/eng2021.html,3,1,Kandang menang
2020/21,14,Dec 19,Newcastle,Fulham,1,1,https://www.rsssf.org/tablese/eng2021.html,2,0,Seri
2020/21,14,Dec 20,Brighton,Sheffield U,1,1,https://www.rsssf.org/tablese/eng2021.html,2,0,Seri
2020/21,14,Dec 20,Tottenham,Leicester,0,2,https://www.rsssf.org/tablese/eng2021.html,2,-2,Tandang menang
2020/21,14,Dec 20,Manchester U,Leeds,6,2,https://www.rsssf.org/tablese/eng2021.html,8,4,Kandang menang
2020/21,14,Dec 20,West Bromwich,Aston Villa,0,3,https://www.rsssf.org/tablese/eng2021.html,3,-3,Tandang menang
2020/21,14,Dec 21,Burnley,Wolverhampton,2,1,https://www.rsssf.org/tablese/eng2021.html,3,1,Kandang menang
2020/21,14,Dec 21,Chelsea,West Ham,3,0,https://www.rsssf.org/tablese/eng2021.html,3,3,Kandang menang
2020/21,15,Dec 26,Leicester,Manchester U,2,2,https://www.rsssf.org/tablese/eng2021.html,4,0,Seri
2020/21,15,Dec 26,Aston Villa,Crystal P,3,0,https://www.rsssf.org/tablese/eng2021.html,3,3,Kandang menang
2020/21,15,Dec 26,Fulham,Southampton,0,0,https://www.rsssf.org/tablese/eng2021.html,0,0,Seri
2020/21,15,Dec 26,Arsenal,Chelsea,3,1,https://www.rsssf.org/tablese/eng2021.html,4,2,Kandang menang
2020/21,15,Dec 26,Manchester C,Newcastle,2,0,https://www.rsssf.org/tablese/eng2021.html,2,2,Kandang menang
2020/21,15,Dec 26,Sheffield U,Everton,0,1,https://www.rsssf.org/tablese/eng2021.html,1,-1,Tandang menang
2020/21,15,Dec 27,Leeds,Burnley,1,0,https://www.rsssf.org/tablese/eng2021.html,1,1,Kandang menang
2020/21,15,Dec 27,West Ham,Brighton,2,2,https://www.rsssf.org/tablese/eng2021.html,4,0,Seri
2020/21,15,Dec 27,Liverpool,West Bromwich,1,1,https://www.rsssf.org/tablese/eng2021.html,2,0,Seri
2020/21,15,Dec 27,Wolverhampton,Tottenham,1,1,https://www.rsssf.org/tablese/eng2021.html,2,0,Seri
2020/21,16,Dec 28,Crystal P,Leicester,1,1,https://www.rsssf.org/tablese/eng2021.html,2,0,Seri
2020/21,16,Dec 28,Chelsea,Aston Villa,1,1,https://www.rsssf.org/tablese/eng2021.html,2,0,Seri
2020/21,16,Dec 29,Brighton,Arsenal,0,1,https://www.rsssf.org/tablese/eng2021.html,1,-1,Tandang menang
2020/21,16,Dec 29,Burnley,Sheffield U,1,0,https://www.rsssf.org/tablese/eng2021.html,1,1,Kandang menang
2020/21,16,Dec 29,Southampton,West Ham,0,0,https://www.rsssf.org/tablese/eng2021.html,0,0,Seri
2020/21,16,Dec 29,West Bromwich,Leeds,0,5,https://www.rsssf.org/tablese/eng2021.html,5,-5,Tandang menang
2020/21,16,Dec 29,Manchester U,Wolverhampton,1,0,https://www.rsssf.org/tablese/eng2021.html,1,1,Kandang menang
2020/21,16,Dec 30,Newcastle,Liverpool,0,0,https://www.rsssf.org/tablese/eng2021.html,0,0,Seri
2020/21,16,Jan 13,Tottenham,Fulham,1,1,https://www.rsssf.org/tablese/eng2021.html,2,0,Seri
2020/21,16,Feb 17,Everton,Manchester C,1,3,https://www.rsssf.org/tablese/eng2021.html,4,-2,Tandang menang
2020/21,17,Jan 1,Everton,West Ham,0,1,https://www.rsssf.org/tablese/eng2021.html,1,-1,Tandang menang
2020/21,17,Jan 1,Manchester U,Aston Villa,2,1,https://www.rsssf.org/tablese/eng2021.html,3,1,Kandang menang
2020/21,17,Jan 2,Tottenham,Leeds,3,0,https://www.rsssf.org/tablese/eng2021.html,3,3,Kandang menang
2020/21,17,Jan 2,Crystal P,Sheffield U,2,0,https://www.rsssf.org/tablese/eng2021.html,2,2,Kandang menang
2020/21,17,Jan 2,Brighton,Wolverhampton,3,3,https://www.rsssf.org/tablese/eng2021.html,6,0,Seri
2020/21,17,Jan 2,West Bromwich,Arsenal,0,4,https://www.rsssf.org/tablese/eng2021.html,4,-4,Tandang menang
2020/21,17,Jan 3,Newcastle,Leicester,1,2,https://www.rsssf.org/tablese/eng2021.html,3,-1,Tandang menang
2020/21,17,Jan 3,Chelsea,Manchester C,1,3,https://www.rsssf.org/tablese/eng2021.html,4,-2,Tandang menang
2020/21,17,Jan 4,Southampton,Liverpool,1,0,https://www.rsssf.org/tablese/eng2021.html,1,1,Kandang menang
2020/21,17,Feb 17,Burnley,Fulham,1,1,https://www.rsssf.org/tablese/eng2021.html,2,0,Seri
2020/21,18,Jan 12,Sheffield U,Newcastle,1,0,https://www.rsssf.org/tablese/eng2021.html,1,1,Kandang menang
2020/21,18,Jan 12,Wolverhampton,Everton,1,2,https://www.rsssf.org/tablese/eng2021.html,3,-1,Tandang menang
2020/21,18,Jan 13,Manchester C,Brighton,1,0,https://www.rsssf.org/tablese/eng2021.html,1,1,Kandang menang
2020/21,18,Jan 14,Arsenal,Crystal P,0,0,https://www.rsssf.org/tablese/eng2021.html,0,0,Seri
2020/21,18,Jan 19,West Ham,West Bromwich,2,1,https://www.rsssf.org/tablese/eng2021.html,3,1,Kandang menang
2020/21,18,Jan 19,Leicester,Chelsea,2,0,https://www.rsssf.org/tablese/eng2021.html,2,2,Kandang menang
2020/21,18,Jan 20,Fulham,Manchester U,1,2,https://www.rsssf.org/tablese/eng2021.html,3,-1,Tandang menang
2020/21,18,Jan 21,Liverpool,Burnley,0,1,https://www.rsssf.org/tablese/eng2021.html,1,-1,Tandang menang
2020/21,18,Feb 23,Leeds,Southampton,3,0,https://www.rsssf.org/tablese/eng2021.html,3,3,Kandang menang
2020/21,18,Mar 21,Aston Villa,Tottenham,0,2,https://www.rsssf.org/tablese/eng2021.html,2,-2,Tandang menang
2020/21,19,Jan 16,Wolverhampton,West Bromwich,2,3,https://www.rsssf.org/tablese/eng2021.html,5,-1,Tandang menang
2020/21,19,Jan 16,West Ham,Burnley,1,0,https://www.rsssf.org/tablese/eng2021.html,1,1,Kandang menang
2020/21,19,Jan 16,Leeds,Brighton,0,1,https://www.rsssf.org/tablese/eng2021.html,1,-1,Tandang menang
2020/21,19,Jan 16,Fulham,Chelsea,0,1,https://www.rsssf.org/tablese/eng2021.html,1,-1,Tandang menang
2020/21,19,Jan 16,Leicester,Southampton,2,0,https://www.rsssf.org/tablese/eng2021.html,2,2,Kandang menang
2020/21,19,Jan 17,Sheffield U,Tottenham,1,3,https://www.rsssf.org/tablese/eng2021.html,4,-2,Tandang menang
2020/21,19,Jan 17,Liverpool,Manchester U,0,0,https://www.rsssf.org/tablese/eng2021.html,0,0,Seri
2020/21,19,Jan 17,Manchester C,Crystal P,4,0,https://www.rsssf.org/tablese/eng2021.html,4,4,Kandang menang
2020/21,19,Jan 18,Arsenal,Newcastle,3,0,https://www.rsssf.org/tablese/eng2021.html,3,3,Kandang menang
2020/21,19,May 13,Aston Villa,Everton,0,0,https://www.rsssf.org/tablese/eng2021.html,0,0,Seri
2020/21,20,Jan 26,Crystal P,West Ham,2,3,https://www.rsssf.org/tablese/eng2021.html,5,-1,Tandang menang
2020/21,20,Jan 26,Newcastle,Leeds,1,2,https://www.rsssf.org/tablese/eng2021.html,3,-1,Tandang menang
2020/21,20,Jan 26,Southampton,Arsenal,1,3,https://www.rsssf.org/tablese/eng2021.html,4,-2,Tandang menang
2020/21,20,Jan 26,West Bromwich,Manchester C,0,5,https://www.rsssf.org/tablese/eng2021.html,5,-5,Tandang menang
2020/21,20,Jan 27,Burnley,Aston Villa,3,2,https://www.rsssf.org/tablese/eng2021.html,5,1,Kandang menang
2020/21,20,Jan 27,Chelsea,Wolverhampton,0,0,https://www.rsssf.org/tablese/eng2021.html,0,0,Seri
2020/21,20,Jan 27,Brighton,Fulham,0,0,https://www.rsssf.org/tablese/eng2021.html,0,0,Seri
2020/21,20,Jan 27,Everton,Leicester,1,1,https://www.rsssf.org/tablese/eng2021.html,2,0,Seri
2020/21,20,Jan 27,Manchester U,Sheffield U,1,2,https://www.rsssf.org/tablese/eng2021.html,3,-1,Tandang menang
2020/21,20,Jan 28,Tottenham,Liverpool,1,3,https://www.rsssf.org/tablese/eng2021.html,4,-2,Tandang menang
2020/21,21,Jan 30,Everton,Newcastle,0,2,https://www.rsssf.org/tablese/eng2021.html,2,-2,Tandang menang
2020/21,21,Jan 30,Crystal P,Wolverhampton,1,0,https://www.rsssf.org/tablese/eng2021.html,1,1,Kandang menang
2020/21,21,Jan 30,Manchester C,Sheffield U,1,0,https://www.rsssf.org/tablese/eng2021.html,1,1,Kandang menang
2020/21,21,Jan 30,West Bromwich,Fulham,2,2,https://www.rsssf.org/tablese/eng2021.html,4,0,Seri
2020/21,21,Jan 30,Arsenal,Manchester U,0,0,https://www.rsssf.org/tablese/eng2021.html,0,0,Seri
2020/21,21,Jan 30,Southampton,Aston Villa,0,1,https://www.rsssf.org/tablese/eng2021.html,1,-1,Tandang menang
2020/21,21,Jan 31,Chelsea,Burnley,2,0,https://www.rsssf.org/tablese/eng2021.html,2,2,Kandang menang
2020/21,21,Jan 31,Leicester,Leeds,1,3,https://www.rsssf.org/tablese/eng2021.html,4,-2,Tandang menang
2020/21,21,Jan 31,West Ham,Liverpool,1,3,https://www.rsssf.org/tablese/eng2021.html,4,-2,Tandang menang
2020/21,21,Jan 31,Brighton,Tottenham,1,0,https://www.rsssf.org/tablese/eng2021.html,1,1,Kandang menang
2020/21,22,Feb 2,Sheffield U,West Bromwich,2,1,https://www.rsssf.org/tablese/eng2021.html,3,1,Kandang menang
2020/21,22,Feb 2,Wolverhampton,Arsenal,2,1,https://www.rsssf.org/tablese/eng2021.html,3,1,Kandang menang
2020/21,22,Feb 2,Manchester U,Southampton,9,0,https://www.rsssf.org/tablese/eng2021.html,9,9,Kandang menang
2020/21,22,Feb 2,Newcastle,Crystal P,1,2,https://www.rsssf.org/tablese/eng2021.html,3,-1,Tandang menang
2020/21,22,Feb 3,Burnley,Manchester C,0,2,https://www.rsssf.org/tablese/eng2021.html,2,-2,Tandang menang
2020/21,22,Feb 3,Fulham,Leicester,0,2,https://www.rsssf.org/tablese/eng2021.html,2,-2,Tandang menang
2020/21,22,Feb 3,Leeds,Everton,1,2,https://www.rsssf.org/tablese/eng2021.html,3,-1,Tandang menang
2020/21,22,Feb 3,Aston Villa,West Ham,1,3,https://www.rsssf.org/tablese/eng2021.html,4,-2,Tandang menang
2020/21,22,Feb 3,Liverpool,Brighton,0,1,https://www.rsssf.org/tablese/eng2021.html,1,-1,Tandang menang
2020/21,22,Feb 4,Tottenham,Chelsea,0,1,https://www.rsssf.org/tablese/eng2021.html,1,-1,Tandang menang
2020/21,23,Feb 6,Aston Villa,Arsenal,1,0,https://www.rsssf.org/tablese/eng2021.html,1,1,Kandang menang
2020/21,23,Feb 6,Burnley,Brighton,1,1,https://www.rsssf.org/tablese/eng2021.html,2,0,Seri
2020/21,23,Feb 6,Newcastle,Southampton,3,2,https://www.rsssf.org/tablese/eng2021.html,5,1,Kandang menang
2020/21,23,Feb 6,Fulham,West Ham,0,0,https://www.rsssf.org/tablese/eng2021.html,0,0,Seri
2020/21,23,Feb 6,Manchester U,Everton,3,3,https://www.rsssf.org/tablese/eng2021.html,6,0,Seri
2020/21,23,Feb 7,Tottenham,West Bromwich,2,0,https://www.rsssf.org/tablese/eng2021.html,2,2,Kandang menang
2020/21,23,Feb 7,Wolverhampton,Leicester,0,0,https://www.rsssf.org/tablese/eng2021.html,0,0,Seri
2020/21,23,Feb 7,Liverpool,Manchester C,1,4,https://www.rsssf.org/tablese/eng2021.html,5,-3,Tandang menang
2020/21,23,Feb 7,Sheffield U,Chelsea,1,2,https://www.rsssf.org/tablese/eng2021.html,3,-1,Tandang menang
2020/21,23,Feb 8,Leeds,Crystal P,2,0,https://www.rsssf.org/tablese/eng2021.html,2,2,Kandang menang
2020/21,24,Feb 13,Leicester,Liverpool,3,1,https://www.rsssf.org/tablese/eng2021.html,4,2,Kandang menang
2020/21,24,Feb 13,Crystal P,Burnley,0,3,https://www.rsssf.org/tablese/eng2021.html,3,-3,Tandang menang
2020/21,24,Feb 13,Manchester C,Tottenham,3,0,https://www.rsssf.org/tablese/eng2021.html,3,3,Kandang menang
2020/21,24,Feb 13,Brighton,Aston Villa,0,0,https://www.rsssf.org/tablese/eng2021.html,0,0,Seri
2020/21,24,Feb 14,Southampton,Wolverhampton,1,2,https://www.rsssf.org/tablese/eng2021.html,3,-1,Tandang menang
2020/21,24,Feb 14,West Bromwich,Manchester U,1,1,https://www.rsssf.org/tablese/eng2021.html,2,0,Seri
2020/21,24,Feb 14,Arsenal,Leeds,4,2,https://www.rsssf.org/tablese/eng2021.html,6,2,Kandang menang
2020/21,24,Feb 14,Everton,Fulham,0,2,https://www.rsssf.org/tablese/eng2021.html,2,-2,Tandang menang
2020/21,24,Feb 15,West Ham,Sheffield U,3,0,https://www.rsssf.org/tablese/eng2021.html,3,3,Kandang menang
2020/21,24,Feb 15,Chelsea,Newcastle,2,0,https://www.rsssf.org/tablese/eng2021.html,2,2,Kandang menang
2020/21,25,Feb 19,Wolverhampton,Leeds,1,0,https://www.rsssf.org/tablese/eng2021.html,1,1,Kandang menang
2020/21,25,Feb 20,Southampton,Chelsea,1,1,https://www.rsssf.org/tablese/eng2021.html,2,0,Seri
2020/21,25,Feb 20,Burnley,West Bromwich,0,0,https://www.rsssf.org/tablese/eng2021.html,0,0,Seri
2020/21,25,Feb 20,Liverpool,Everton,0,2,https://www.rsssf.org/tablese/eng2021.html,2,-2,Tandang menang
2020/21,25,Feb 20,Fulham,Sheffield U,1,0,https://www.rsssf.org/tablese/eng2021.html,1,1,Kandang menang
2020/21,25,Feb 21,West Ham,Tottenham,2,1,https://www.rsssf.org/tablese/eng2021.html,3,1,Kandang menang
2020/21,25,Feb 21,Aston Villa,Leicester,1,2,https://www.rsssf.org/tablese/eng2021.html,3,-1,Tandang menang
2020/21,25,Feb 21,Arsenal,Manchester C,0,1,https://www.rsssf.org/tablese/eng2021.html,1,-1,Tandang menang
2020/21,25,Feb 21,Manchester U,Newcastle,3,1,https://www.rsssf.org/tablese/eng2021.html,4,2,Kandang menang
2020/21,25,Feb 22,Brighton,Crystal P,1,2,https://www.rsssf.org/tablese/eng2021.html,3,-1,Tandang menang
2020/21,26,Feb 27,Manchester C,West Ham,2,1,https://www.rsssf.org/tablese/eng2021.html,3,1,Kandang menang
2020/21,26,Feb 27,West Bromwich,Brighton,1,0,https://www.rsssf.org/tablese/eng2021.html,1,1,Kandang menang
2020/21,26,Feb 27,Leeds,Aston Villa,0,1,https://www.rsssf.org/tablese/eng2021.html,1,-1,Tandang menang
2020/21,26,Feb 27,Newcastle,Wolverhampton,1,1,https://www.rsssf.org/tablese/eng2021.html,2,0,Seri
2020/21,26,Feb 28,Crystal P,Fulham,0,0,https://www.rsssf.org/tablese/eng2021.html,0,0,Seri
2020/21,26,Feb 28,Leicester,Arsenal,1,3,https://www.rsssf.org/tablese/eng2021.html,4,-2,Tandang menang
2020/21,26,Feb 28,Tottenham,Burnley,4,0,https://www.rsssf.org/tablese/eng2021.html,4,4,Kandang menang
2020/21,26,Feb 28,Chelsea,Manchester U,0,0,https://www.rsssf.org/tablese/eng2021.html,0,0,Seri
2020/21,26,Feb 28,Sheffield U,Liverpool,0,2,https://www.rsssf.org/tablese/eng2021.html,2,-2,Tandang menang
2020/21,26,Mar 1,Everton,Southampton,1,0,https://www.rsssf.org/tablese/eng2021.html,1,1,Kandang menang
2020/21,27,Mar 6,Burnley,Arsenal,1,1,https://www.rsssf.org/tablese/eng2021.html,2,0,Seri
2020/21,27,Mar 6,Sheffield U,Southampton,0,2,https://www.rsssf.org/tablese/eng2021.html,2,-2,Tandang menang
2020/21,27,Mar 6,Aston Villa,Wolverhampton,0,0,https://www.rsssf.org/tablese/eng2021.html,0,0,Seri
2020/21,27,Mar 6,Brighton,Leicester,1,2,https://www.rsssf.org/tablese/eng2021.html,3,-1,Tandang menang
2020/21,27,Mar 7,West Bromwich,Newcastle,0,0,https://www.rsssf.org/tablese/eng2021.html,0,0,Seri
2020/21,27,Mar 7,Liverpool,Fulham,0,1,https://www.rsssf.org/tablese/eng2021.html,1,-1,Tandang menang
2020/21,27,Mar 7,Manchester C,Manchester U,0,2,https://www.rsssf.org/tablese/eng2021.html,2,-2,Tandang menang
2020/21,27,Mar 7,Tottenham,Crystal P,4,1,https://www.rsssf.org/tablese/eng2021.html,5,3,Kandang menang
2020/21,27,Mar 8,Chelsea,Everton,2,0,https://www.rsssf.org/tablese/eng2021.html,2,2,Kandang menang
2020/21,27,Mar 8,West Ham,Leeds,2,0,https://www.rsssf.org/tablese/eng2021.html,2,2,Kandang menang
2020/21,28,Mar 12,Newcastle,Aston Villa,1,1,https://www.rsssf.org/tablese/eng2021.html,2,0,Seri
2020/21,28,Mar 13,Leeds,Chelsea,0,0,https://www.rsssf.org/tablese/eng2021.html,0,0,Seri
2020/21,28,Mar 13,Crystal P,West Bromwich,1,0,https://www.rsssf.org/tablese/eng2021.html,1,1,Kandang menang
2020/21,28,Mar 13,Everton,Burnley,1,2,https://www.rsssf.org/tablese/eng2021.html,3,-1,Tandang menang
2020/21,28,Mar 13,Fulham,Manchester C,0,3,https://www.rsssf.org/tablese/eng2021.html,3,-3,Tandang menang
2020/21,28,Mar 14,Arsenal,Tottenham,2,1,https://www.rsssf.org/tablese/eng2021.html,3,1,Kandang menang
2020/21,28,Mar 14,Southampton,Brighton,1,2,https://www.rsssf.org/tablese/eng2021.html,3,-1,Tandang menang
2020/21,28,Mar 14,Leicester,Sheffield U,5,0,https://www.rsssf.org/tablese/eng2021.html,5,5,Kandang menang
2020/21,28,Mar 14,Manchester U,West Ham,1,0,https://www.rsssf.org/tablese/eng2021.html,1,1,Kandang menang
2020/21,28,Mar 15,Wolverhampton,Liverpool,0,1,https://www.rsssf.org/tablese/eng2021.html,1,-1,Tandang menang
2020/21,29,Mar 2,Manchester C,Wolverhampton,4,1,https://www.rsssf.org/tablese/eng2021.html,5,3,Kandang menang
2020/21,29,Mar 3,Burnley,Leicester,1,1,https://www.rsssf.org/tablese/eng2021.html,2,0,Seri
2020/21,29,Mar 3,Sheffield U,Aston Villa,1,0,https://www.rsssf.org/tablese/eng2021.html,1,1,Kandang menang
2020/21,29,Mar 3,Crystal P,Manchester U,0,0,https://www.rsssf.org/tablese/eng2021.html,0,0,Seri
2020/21,29,Mar 4,West Bromwich,Everton,0,1,https://www.rsssf.org/tablese/eng2021.html,1,-1,Tandang menang
2020/21,29,Mar 4,Liverpool,Chelsea,0,1,https://www.rsssf.org/tablese/eng2021.html,1,-1,Tandang menang
2020/21,29,Mar 19,Fulham,Leeds,1,2,https://www.rsssf.org/tablese/eng2021.html,3,-1,Tandang menang
2020/21,29,Mar 20,Brighton,Newcastle,3,0,https://www.rsssf.org/tablese/eng2021.html,3,3,Kandang menang
2020/21,29,Mar 21,West Ham,Arsenal,3,3,https://www.rsssf.org/tablese/eng2021.html,6,0,Seri
2020/21,29,Apr 21,Tottenham,Southampton,2,1,https://www.rsssf.org/tablese/eng2021.html,3,1,Kandang menang
2020/21,30,Apr 3,Chelsea,West Bromwich,2,5,https://www.rsssf.org/tablese/eng2021.html,7,-3,Tandang menang
2020/21,30,Apr 3,Leeds,Sheffield U,2,1,https://www.rsssf.org/tablese/eng2021.html,3,1,Kandang menang
2020/21,30,Apr 3,Leicester,Manchester C,0,2,https://www.rsssf.org/tablese/eng2021.html,2,-2,Tandang menang
2020/21,30,Apr 3,Arsenal,Liverpool,0,3,https://www.rsssf.org/tablese/eng2021.html,3,-3,Tandang menang
2020/21,30,Apr 4,Southampton,Burnley,3,2,https://www.rsssf.org/tablese/eng2021.html,5,1,Kandang menang
2020/21,30,Apr 4,Newcastle,Tottenham,2,2,https://www.rsssf.org/tablese/eng2021.html,4,0,Seri
2020/21,30,Apr 4,Aston Villa,Fulham,3,1,https://www.rsssf.org/tablese/eng2021.html,4,2,Kandang menang
2020/21,30,Apr 4,Manchester U,Brighton,2,1,https://www.rsssf.org/tablese/eng2021.html,3,1,Kandang menang
2020/21,30,Apr 5,Everton,Crystal P,1,1,https://www.rsssf.org/tablese/eng2021.html,2,0,Seri
2020/21,30,Apr 5,Wolverhampton,West Ham,2,3,https://www.rsssf.org/tablese/eng2021.html,5,-1,Tandang menang
2020/21,31,Apr 9,Fulham,Wolverhampton,0,1,https://www.rsssf.org/tablese/eng2021.html,1,-1,Tandang menang
2020/21,31,Apr 10,Manchester C,Leeds,1,2,https://www.rsssf.org/tablese/eng2021.html,3,-1,Tandang menang
2020/21,31,Apr 10,Liverpool,Aston Villa,2,1,https://www.rsssf.org/tablese/eng2021.html,3,1,Kandang menang
2020/21,31,Apr 10,Crystal P,Chelsea,1,4,https://www.rsssf.org/tablese/eng2021.html,5,-3,Tandang menang
2020/21,31,Apr 11,Burnley,Newcastle,1,2,https://www.rsssf.org/tablese/eng2021.html,3,-1,Tandang menang
2020/21,31,Apr 11,West Ham,Leicester,3,2,https://www.rsssf.org/tablese/eng2021.html,5,1,Kandang menang
2020/21,31,Apr 11,Tottenham,Manchester U,1,3,https://www.rsssf.org/tablese/eng2021.html,4,-2,Tandang menang
2020/21,31,Apr 11,Sheffield U,Arsenal,0,3,https://www.rsssf.org/tablese/eng2021.html,3,-3,Tandang menang
2020/21,31,Apr 12,West Bromwich,Southampton,3,0,https://www.rsssf.org/tablese/eng2021.html,3,3,Kandang menang
2020/21,31,Apr 12,Brighton,Everton,0,0,https://www.rsssf.org/tablese/eng2021.html,0,0,Seri
2020/21,32,Apr 16,Everton,Tottenham,2,2,https://www.rsssf.org/tablese/eng2021.html,4,0,Seri
2020/21,32,Apr 17,Newcastle,West Ham,3,2,https://www.rsssf.org/tablese/eng2021.html,5,1,Kandang menang
2020/21,32,Apr 17,Wolverhampton,Sheffield U,1,0,https://www.rsssf.org/tablese/eng2021.html,1,1,Kandang menang
2020/21,32,Apr 18,Arsenal,Fulham,1,1,https://www.rsssf.org/tablese/eng2021.html,2,0,Seri
2020/21,32,Apr 18,Manchester U,Burnley,3,1,https://www.rsssf.org/tablese/eng2021.html,4,2,Kandang menang
2020/21,32,Apr 19,Leeds,Liverpool,1,1,https://www.rsssf.org/tablese/eng2021.html,2,0,Seri
2020/21,32,Apr 20,Chelsea,Brighton,0,0,https://www.rsssf.org/tablese/eng2021.html,0,0,Seri
2020/21,32,Apr 21,Aston Villa,Manchester C,1,2,https://www.rsssf.org/tablese/eng2021.html,3,-1,Tandang menang
2020/21,32,Apr 22,Leicester,West Bromwich,3,0,https://www.rsssf.org/tablese/eng2021.html,3,3,Kandang menang
2020/21,32,May 11,Southampton,Crystal P,3,1,https://www.rsssf.org/tablese/eng2021.html,4,2,Kandang menang
2020/21,33,Mar 4,Fulham,Tottenham,0,1,https://www.rsssf.org/tablese/eng2021.html,1,-1,Tandang menang
2020/21,33,Mar 10,Manchester C,Southampton,5,2,https://www.rsssf.org/tablese/eng2021.html,7,3,Kandang menang
2020/21,33,Apr 23,Arsenal,Everton,0,1,https://www.rsssf.org/tablese/eng2021.html,1,-1,Tandang menang
2020/21,33,Apr 24,Liverpool,Newcastle,1,1,https://www.rsssf.org/tablese/eng2021.html,2,0,Seri
2020/21,33,Apr 24,West Ham,Chelsea,0,1,https://www.rsssf.org/tablese/eng2021.html,1,-1,Tandang menang
2020/21,33,Apr 24,Sheffield U,Brighton,1,0,https://www.rsssf.org/tablese/eng2021.html,1,1,Kandang menang
2020/21,33,Apr 25,Wolverhampton,Burnley,0,4,https://www.rsssf.org/tablese/eng2021.html,4,-4,Tandang menang
2020/21,33,Apr 25,Leeds,Manchester U,0,0,https://www.rsssf.org/tablese/eng2021.html,0,0,Seri
2020/21,33,Apr 25,Aston Villa,West Bromwich,2,2,https://www.rsssf.org/tablese/eng2021.html,4,0,Seri
2020/21,33,Apr 26,Leicester,Crystal P,2,1,https://www.rsssf.org/tablese/eng2021.html,3,1,Kandang menang
2020/21,34,Apr 30,Southampton,Leicester,1,1,https://www.rsssf.org/tablese/eng2021.html,2,0,Seri
2020/21,34,May 1,Crystal P,Manchester C,0,2,https://www.rsssf.org/tablese/eng2021.html,2,-2,Tandang menang
2020/21,34,May 1,Brighton,Leeds,2,0,https://www.rsssf.org/tablese/eng2021.html,2,2,Kandang menang
2020/21,34,May 1,Chelsea,Fulham,2,0,https://www.rsssf.org/tablese/eng2021.html,2,2,Kandang menang
2020/21,34,May 1,Everton,Aston Villa,1,2,https://www.rsssf.org/tablese/eng2021.html,3,-1,Tandang menang
2020/21,34,May 2,Newcastle,Arsenal,0,2,https://www.rsssf.org/tablese/eng2021.html,2,-2,Tandang menang
2020/21,34,May 2,Tottenham,Sheffield U,4,0,https://www.rsssf.org/tablese/eng2021.html,4,4,Kandang menang
2020/21,34,May 3,West Bromwich,Wolverhampton,1,1,https://www.rsssf.org/tablese/eng2021.html,2,0,Seri
2020/21,34,May 3,Burnley,West Ham,1,2,https://www.rsssf.org/tablese/eng2021.html,3,-1,Tandang menang
2020/21,34,May 13,Manchester U,Liverpool,2,4,https://www.rsssf.org/tablese/eng2021.html,6,-2,Tandang menang
2020/21,35,May 7,Leicester,Newcastle,2,4,https://www.rsssf.org/tablese/eng2021.html,6,-2,Tandang menang
2020/21,35,May 8,Leeds,Tottenham,3,1,https://www.rsssf.org/tablese/eng2021.html,4,2,Kandang menang
2020/21,35,May 8,Sheffield U,Crystal P,0,2,https://www.rsssf.org/tablese/eng2021.html,2,-2,Tandang menang
2020/21,35,May 8,Manchester C,Chelsea,1,2,https://www.rsssf.org/tablese/eng2021.html,3,-1,Tandang menang
2020/21,35,May 8,Liverpool,Southampton,2,0,https://www.rsssf.org/tablese/eng2021.html,2,2,Kandang menang
2020/21,35,May 9,Wolverhampton,Brighton,2,1,https://www.rsssf.org/tablese/eng2021.html,3,1,Kandang menang
2020/21,35,May 9,Aston Villa,Manchester U,1,3,https://www.rsssf.org/tablese/eng2021.html,4,-2,Tandang menang
2020/21,35,May 9,West Ham,Everton,0,1,https://www.rsssf.org/tablese/eng2021.html,1,-1,Tandang menang
2020/21,35,May 9,Arsenal,West Bromwich,3,1,https://www.rsssf.org/tablese/eng2021.html,4,2,Kandang menang
2020/21,35,May 10,Fulham,Burnley,0,2,https://www.rsssf.org/tablese/eng2021.html,2,-2,Tandang menang
2020/21,36,May 11,Manchester U,Leicester,1,2,https://www.rsssf.org/tablese/eng2021.html,3,-1,Tandang menang
2020/21,36,May 12,Chelsea,Arsenal,0,1,https://www.rsssf.org/tablese/eng2021.html,1,-1,Tandang menang
2020/21,36,May 14,Newcastle,Manchester C,3,4,https://www.rsssf.org/tablese/eng2021.html,7,-1,Tandang menang
2020/21,36,May 15,Burnley,Leeds,0,4,https://www.rsssf.org/tablese/eng2021.html,4,-4,Tandang menang
2020/21,36,May 15,Southampton,Fulham,3,1,https://www.rsssf.org/tablese/eng2021.html,4,2,Kandang menang
2020/21,36,May 15,Brighton,West Ham,1,1,https://www.rsssf.org/tablese/eng2021.html,2,0,Seri
2020/21,36,May 16,Crystal P,Aston Villa,3,2,https://www.rsssf.org/tablese/eng2021.html,5,1,Kandang menang
2020/21,36,May 16,Tottenham,Wolverhampton,2,0,https://www.rsssf.org/tablese/eng2021.html,2,2,Kandang menang
2020/21,36,May 16,West Bromwich,Liverpool,1,2,https://www.rsssf.org/tablese/eng2021.html,3,-1,Tandang menang
2020/21,36,May 16,Everton,Sheffield U,0,1,https://www.rsssf.org/tablese/eng2021.html,1,-1,Tandang menang
2020/21,37,May 18,Manchester U,Fulham,1,1,https://www.rsssf.org/tablese/eng2021.html,2,0,Seri
2020/21,37,May 18,Southampton,Leeds,0,2,https://www.rsssf.org/tablese/eng2021.html,2,-2,Tandang menang
2020/21,37,May 18,Brighton,Manchester C,3,2,https://www.rsssf.org/tablese/eng2021.html,5,1,Kandang menang
2020/21,37,May 18,Chelsea,Leicester,2,1,https://www.rsssf.org/tablese/eng2021.html,3,1,Kandang menang
2020/21,37,May 19,Everton,Wolverhampton,1,0,https://www.rsssf.org/tablese/eng2021.html,1,1,Kandang menang
2020/21,37,May 19,Newcastle,Sheffield U,1,0,https://www.rsssf.org/tablese/eng2021.html,1,1,Kandang menang
2020/21,37,May 19,Tottenham,Aston Villa,1,2,https://www.rsssf.org/tablese/eng2021.html,3,-1,Tandang menang
2020/21,37,May 19,Crystal P,Arsenal,1,3,https://www.rsssf.org/tablese/eng2021.html,4,-2,Tandang menang
2020/21,37,May 19,Burnley,Liverpool,0,3,https://www.rsssf.org/tablese/eng2021.html,3,-3,Tandang menang
2020/21,37,May 19,West Bromwich,West Ham,1,3,https://www.rsssf.org/tablese/eng2021.html,4,-2,Tandang menang
2020/21,38,,Arsenal,Brighton,2,0,https://www.rsssf.org/tablese/eng2021.html,2,2,Kandang menang
2020/21,38,,Aston Villa,Chelsea,2,1,https://www.rsssf.org/tablese/eng2021.html,3,1,Kandang menang
2020/21,38,,Fulham,Newcastle,0,2,https://www.rsssf.org/tablese/eng2021.html,2,-2,Tandang menang
2020/21,38,,Leeds,West Bromwich,3,1,https://www.rsssf.org/tablese/eng2021.html,4,2,Kandang menang
2020/21,38,,Leicester,Tottenham,2,4,https://www.rsssf.org/tablese/eng2021.html,6,-2,Tandang menang
2020/21,38,,Liverpool,Crystal P,2,0,https://www.rsssf.org/tablese/eng2021.html,2,2,Kandang menang
2020/21,38,,Manchester C,Everton,5,0,https://www.rsssf.org/tablese/eng2021.html,5,5,Kandang menang
2020/21,38,,Sheffield U,Burnley,1,0,https://www.rsssf.org/tablese/eng2021.html,1,1,Kandang menang
2020/21,38,,West Ham,Southampton,3,0,https://www.rsssf.org/tablese/eng2021.html,3,3,Kandang menang
2020/21,38,,Wolverhampton,Manchester U,1,2,https://www.rsssf.org/tablese/eng2021.html,3,-1,Tandang menang
2021/22,1,Aug 13,Brentford,Arsenal,2,0,https://www.rsssf.org/tablese/eng2022.html,2,2,Kandang menang
2021/22,1,Aug 14,Manchester U,Leeds,5,1,https://www.rsssf.org/tablese/eng2022.html,6,4,Kandang menang
2021/22,1,Aug 14,Burnley,Brighton,1,2,https://www.rsssf.org/tablese/eng2022.html,3,-1,Tandang menang
2021/22,1,Aug 14,Everton,Southampton,3,1,https://www.rsssf.org/tablese/eng2022.html,4,2,Kandang menang
2021/22,1,Aug 14,Chelsea,Crystal P,3,0,https://www.rsssf.org/tablese/eng2022.html,3,3,Kandang menang
2021/22,1,Aug 14,Leicester,Wolverhampton,1,0,https://www.rsssf.org/tablese/eng2022.html,1,1,Kandang menang
2021/22,1,Aug 14,Watford,Aston Villa,3,2,https://www.rsssf.org/tablese/eng2022.html,5,1,Kandang menang
2021/22,1,Aug 14,Norwich,Liverpool,0,3,https://www.rsssf.org/tablese/eng2022.html,3,-3,Tandang menang
2021/22,1,Aug 15,Newcastle,West Ham,2,4,https://www.rsssf.org/tablese/eng2022.html,6,-2,Tandang menang
2021/22,1,Aug 15,Tottenham,Manchester C,1,0,https://www.rsssf.org/tablese/eng2022.html,1,1,Kandang menang
2021/22,2,Aug 21,Liverpool,Burnley,2,0,https://www.rsssf.org/tablese/eng2022.html,2,2,Kandang menang
2021/22,2,Aug 21,Leeds,Everton,2,2,https://www.rsssf.org/tablese/eng2022.html,4,0,Seri
2021/22,2,Aug 21,Crystal P,Brentford,0,0,https://www.rsssf.org/tablese/eng2022.html,0,0,Seri
2021/22,2,Aug 21,Aston Villa,Newcastle,2,0,https://www.rsssf.org/tablese/eng2022.html,2,2,Kandang menang
2021/22,2,Aug 21,Manchester C,Norwich,5,0,https://www.rsssf.org/tablese/eng2022.html,5,5,Kandang menang
2021/22,2,Aug 21,Brighton,Watford,2,0,https://www.rsssf.org/tablese/eng2022.html,2,2,Kandang menang
2021/22,2,Aug 22,Wolverhampton,Tottenham,0,1,https://www.rsssf.org/tablese/eng2022.html,1,-1,Tandang menang
2021/22,2,Aug 22,Southampton,Manchester U,1,1,https://www.rsssf.org/tablese/eng2022.html,2,0,Seri
2021/22,2,Aug 22,Arsenal,Chelsea,0,2,https://www.rsssf.org/tablese/eng2022.html,2,-2,Tandang menang
2021/22,2,Aug 23,West Ham,Leicester,4,1,https://www.rsssf.org/tablese/eng2022.html,5,3,Kandang menang
2021/22,3,Aug 28,Manchester C,Arsenal,5,0,https://www.rsssf.org/tablese/eng2022.html,5,5,Kandang menang
2021/22,3,Aug 28,Norwich,Leicester,1,2,https://www.rsssf.org/tablese/eng2022.html,3,-1,Tandang menang
2021/22,3,Aug 28,Aston Villa,Brentford,1,1,https://www.rsssf.org/tablese/eng2022.html,2,0,Seri
2021/22,3,Aug 28,West Ham,Crystal P,2,2,https://www.rsssf.org/tablese/eng2022.html,4,0,Seri
2021/22,3,Aug 28,Brighton,Everton,0,2,https://www.rsssf.org/tablese/eng2022.html,2,-2,Tandang menang
2021/22,3,Aug 28,Newcastle,Southampton,2,2,https://www.rsssf.org/tablese/eng2022.html,4,0,Seri
2021/22,3,Aug 28,Liverpool,Chelsea,1,1,https://www.rsssf.org/tablese/eng2022.html,2,0,Seri
2021/22,3,Aug 29,Burnley,Leeds,1,1,https://www.rsssf.org/tablese/eng2022.html,2,0,Seri
2021/22,3,Aug 29,Tottenham,Watford,1,0,https://www.rsssf.org/tablese/eng2022.html,1,1,Kandang menang
2021/22,3,Aug 29,Wolverhampton,Manchester U,0,1,https://www.rsssf.org/tablese/eng2022.html,1,-1,Tandang menang
2021/22,4,Sep 11,Crystal P,Tottenham,3,0,https://www.rsssf.org/tablese/eng2022.html,3,3,Kandang menang
2021/22,4,Sep 11,Manchester U,Newcastle,4,1,https://www.rsssf.org/tablese/eng2022.html,5,3,Kandang menang
2021/22,4,Sep 11,Southampton,West Ham,0,0,https://www.rsssf.org/tablese/eng2022.html,0,0,Seri
2021/22,4,Sep 11,Arsenal,Norwich,1,0,https://www.rsssf.org/tablese/eng2022.html,1,1,Kandang menang
2021/22,4,Sep 11,Brentford,Brighton,0,1,https://www.rsssf.org/tablese/eng2022.html,1,-1,Tandang menang
2021/22,4,Sep 11,Leicester,Manchester C,0,1,https://www.rsssf.org/tablese/eng2022.html,1,-1,Tandang menang
2021/22,4,Sep 11,Watford,Wolverhampton,0,2,https://www.rsssf.org/tablese/eng2022.html,2,-2,Tandang menang
2021/22,4,Sep 11,Chelsea,Aston Villa,3,0,https://www.rsssf.org/tablese/eng2022.html,3,3,Kandang menang
2021/22,4,Sep 12,Leeds,Liverpool,0,3,https://www.rsssf.org/tablese/eng2022.html,3,-3,Tandang menang
2021/22,4,Sep 13,Everton,Burnley,3,1,https://www.rsssf.org/tablese/eng2022.html,4,2,Kandang menang
2021/22,5,Sep 17,Newcastle,Leeds,1,1,https://www.rsssf.org/tablese/eng2022.html,2,0,Seri
2021/22,5,Sep 18,Wolverhampton,Brentford,0,2,https://www.rsssf.org/tablese/eng2022.html,2,-2,Tandang menang
2021/22,5,Sep 18,Burnley,Arsenal,0,1,https://www.rsssf.org/tablese/eng2022.html,1,-1,Tandang menang
2021/22,5,Sep 18,Manchester C,Southampton,0,0,https://www.rsssf.org/tablese/eng2022.html,0,0,Seri
2021/22,5,Sep 18,Norwich,Watford,1,3,https://www.rsssf.org/tablese/eng2022.html,4,-2,Tandang menang
2021/22,5,Sep 18,Liverpool,Crystal P,3,0,https://www.rsssf.org/tablese/eng2022.html,3,3,Kandang menang
2021/22,5,Sep 18,Aston Villa,Everton,3,0,https://www.rsssf.org/tablese/eng2022.html,3,3,Kandang menang
2021/22,5,Sep 19,West Ham,Manchester U,1,2,https://www.rsssf.org/tablese/eng2022.html,3,-1,Tandang menang
2021/22,5,Sep 19,Brighton,Leicester,2,1,https://www.rsssf.org/tablese/eng2022.html,3,1,Kandang menang
2021/22,5,Sep 19,Tottenham,Chelsea,0,3,https://www.rsssf.org/tablese/eng2022.html,3,-3,Tandang menang
2021/22,6,Sep 25,Chelsea,Manchester C,0,1,https://www.rsssf.org/tablese/eng2022.html,1,-1,Tandang menang
2021/22,6,Sep 25,Manchester U,Aston Villa,0,1,https://www.rsssf.org/tablese/eng2022.html,1,-1,Tandang menang
2021/22,6,Sep 25,Everton,Norwich,2,0,https://www.rsssf.org/tablese/eng2022.html,2,2,Kandang menang
2021/22,6,Sep 25,Leeds,West Ham,1,2,https://www.rsssf.org/tablese/eng2022.html,3,-1,Tandang menang
2021/22,6,Sep 25,Leicester,Burnley,2,2,https://www.rsssf.org/tablese/eng2022.html,4,0,Seri
2021/22,6,Sep 25,Watford,Newcastle,1,1,https://www.rsssf.org/tablese/eng2022.html,2,0,Seri
2021/22,6,Sep 25,Brentford,Liverpool,3,3,https://www.rsssf.org/tablese/eng2022.html,6,0,Seri
2021/22,6,Sep 26,Southampton,Wolverhampton,0,1,https://www.rsssf.org/tablese/eng2022.html,1,-1,Tandang menang
2021/22,6,Sep 26,Arsenal,Tottenham,3,1,https://www.rsssf.org/tablese/eng2022.html,4,2,Kandang menang
2021/22,6,Sep 27,Crystal P,Brighton,1,1,https://www.rsssf.org/tablese/eng2022.html,2,0,Seri
2021/22,7,Oct 2,Manchester U,Everton,1,1,https://www.rsssf.org/tablese/eng2022.html,2,0,Seri
2021/22,7,Oct 2,Burnley,Norwich,0,0,https://www.rsssf.org/tablese/eng2022.html,0,0,Seri
2021/22,7,Oct 2,Chelsea,Southampton,3,1,https://www.rsssf.org/tablese/eng2022.html,4,2,Kandang menang
2021/22,7,Oct 2,Leeds,Watford,1,0,https://www.rsssf.org/tablese/eng2022.html,1,1,Kandang menang
2021/22,7,Oct 2,Wolverhampton,Newcastle,2,1,https://www.rsssf.org/tablese/eng2022.html,3,1,Kandang menang
2021/22,7,Oct 2,Brighton,Arsenal,0,0,https://www.rsssf.org/tablese/eng2022.html,0,0,Seri
2021/22,7,Oct 3,Crystal P,Leicester,2,2,https://www.rsssf.org/tablese/eng2022.html,4,0,Seri
2021/22,7,Oct 3,Tottenham,Aston Villa,2,1,https://www.rsssf.org/tablese/eng2022.html,3,1,Kandang menang
2021/22,7,Oct 3,West Ham,Brentford,1,2,https://www.rsssf.org/tablese/eng2022.html,3,-1,Tandang menang
2021/22,7,Oct 3,Liverpool,Manchester C,2,2,https://www.rsssf.org/tablese/eng2022.html,4,0,Seri
2021/22,8,Oct 16,Watford,Liverpool,0,5,https://www.rsssf.org/tablese/eng2022.html,5,-5,Tandang menang
2021/22,8,Oct 16,Aston Villa,Wolverhampton,2,3,https://www.rsssf.org/tablese/eng2022.html,5,-1,Tandang menang
2021/22,8,Oct 16,Leicester,Manchester U,4,2,https://www.rsssf.org/tablese/eng2022.html,6,2,Kandang menang
2021/22,8,Oct 16,Manchester C,Burnley,2,0,https://www.rsssf.org/tablese/eng2022.html,2,2,Kandang menang
2021/22,8,Oct 16,Norwich,Brighton,0,0,https://www.rsssf.org/tablese/eng2022.html,0,0,Seri
2021/22,8,Oct 16,Southampton,Leeds,1,0,https://www.rsssf.org/tablese/eng2022.html,1,1,Kandang menang
2021/22,8,Oct 16,Brentford,Chelsea,0,1,https://www.rsssf.org/tablese/eng2022.html,1,-1,Tandang menang
2021/22,8,Oct 17,Everton,West Ham,0,1,https://www.rsssf.org/tablese/eng2022.html,1,-1,Tandang menang
2021/22,8,Oct 17,Newcastle,Tottenham,2,3,https://www.rsssf.org/tablese/eng2022.html,5,-1,Tandang menang
2021/22,8,Oct 18,Arsenal,Crystal P,2,2,https://www.rsssf.org/tablese/eng2022.html,4,0,Seri
2021/22,9,Oct 22,Arsenal,Aston Villa,3,1,https://www.rsssf.org/tablese/eng2022.html,4,2,Kandang menang
2021/22,9,Oct 23,Chelsea,Norwich,7,0,https://www.rsssf.org/tablese/eng2022.html,7,7,Kandang menang
2021/22,9,Oct 23,Crystal P,Newcastle,1,1,https://www.rsssf.org/tablese/eng2022.html,2,0,Seri
2021/22,9,Oct 23,Everton,Watford,2,5,https://www.rsssf.org/tablese/eng2022.html,7,-3,Tandang menang
2021/22,9,Oct 23,Leeds,Wolverhampton,1,1,https://www.rsssf.org/tablese/eng2022.html,2,0,Seri
2021/22,9,Oct 23,Southampton,Burnley,2,2,https://www.rsssf.org/tablese/eng2022.html,4,0,Seri
2021/22,9,Oct 23,Brighton,Manchester C,1,4,https://www.rsssf.org/tablese/eng2022.html,5,-3,Tandang menang
2021/22,9,Oct 24,Brentford,Leicester,1,2,https://www.rsssf.org/tablese/eng2022.html,3,-1,Tandang menang
2021/22,9,Oct 24,West Ham,Tottenham,1,0,https://www.rsssf.org/tablese/eng2022.html,1,1,Kandang menang
2021/22,9,Oct 24,Manchester U,Liverpool,0,5,https://www.rsssf.org/tablese/eng2022.html,5,-5,Tandang menang
2021/22,10,Oct 30,Leicester,Arsenal,0,2,https://www.rsssf.org/tablese/eng2022.html,2,-2,Tandang menang
2021/22,10,Oct 30,Burnley,Brentford,3,1,https://www.rsssf.org/tablese/eng2022.html,4,2,Kandang menang
2021/22,10,Oct 30,Liverpool,Brighton,2,2,https://www.rsssf.org/tablese/eng2022.html,4,0,Seri
2021/22,10,Oct 30,Manchester C,Crystal P,0,2,https://www.rsssf.org/tablese/eng2022.html,2,-2,Tandang menang
2021/22,10,Oct 30,Newcastle,Chelsea,0,3,https://www.rsssf.org/tablese/eng2022.html,3,-3,Tandang menang
2021/22,10,Oct 30,Watford,Southampton,0,1,https://www.rsssf.org/tablese/eng2022.html,1,-1,Tandang menang
2021/22,10,Oct 30,Tottenham,Manchester U,0,3,https://www.rsssf.org/tablese/eng2022.html,3,-3,Tandang menang
2021/22,10,Oct 31,Norwich,Leeds,1,2,https://www.rsssf.org/tablese/eng2022.html,3,-1,Tandang menang
2021/22,10,Oct 31,Aston Villa,West Ham,1,4,https://www.rsssf.org/tablese/eng2022.html,5,-3,Tandang menang
2021/22,10,Nov 1,Wolverhampton,Everton,2,1,https://www.rsssf.org/tablese/eng2022.html,3,1,Kandang menang
2021/22,11,Nov 5,Southampton,Aston Villa,1,0,https://www.rsssf.org/tablese/eng2022.html,1,1,Kandang menang
2021/22,11,Nov 6,Manchester U,Manchester C,0,2,https://www.rsssf.org/tablese/eng2022.html,2,-2,Tandang menang
2021/22,11,Nov 6,Brentford,Norwich,1,2,https://www.rsssf.org/tablese/eng2022.html,3,-1,Tandang menang
2021/22,11,Nov 6,Chelsea,Burnley,1,1,https://www.rsssf.org/tablese/eng2022.html,2,0,Seri
2021/22,11,Nov 6,Crystal P,Wolverhampton,2,0,https://www.rsssf.org/tablese/eng2022.html,2,2,Kandang menang
2021/22,11,Nov 6,Brighton,Newcastle,1,1,https://www.rsssf.org/tablese/eng2022.html,2,0,Seri
2021/22,11,Nov 7,Arsenal,Watford,1,0,https://www.rsssf.org/tablese/eng2022.html,1,1,Kandang menang
2021/22,11,Nov 7,Everton,Tottenham,0,0,https://www.rsssf.org/tablese/eng2022.html,0,0,Seri
2021/22,11,Nov 7,Leeds,Leicester,1,1,https://www.rsssf.org/tablese/eng2022.html,2,0,Seri
2021/22,11,Nov 7,West Ham,Liverpool,3,2,https://www.rsssf.org/tablese/eng2022.html,5,1,Kandang menang
2021/22,12,Nov 20,Leicester,Chelsea,0,3,https://www.rsssf.org/tablese/eng2022.html,3,-3,Tandang menang
2021/22,12,Nov 20,Aston Villa,Brighton,2,0,https://www.rsssf.org/tablese/eng2022.html,2,2,Kandang menang
2021/22,12,Nov 20,Wolverhampton,West Ham,1,0,https://www.rsssf.org/tablese/eng2022.html,1,1,Kandang menang
2021/22,12,Nov 20,Watford,Manchester U,4,1,https://www.rsssf.org/tablese/eng2022.html,5,3,Kandang menang
2021/22,12,Nov 20,Burnley,Crystal P,3,3,https://www.rsssf.org/tablese/eng2022.html,6,0,Seri
2021/22,12,Nov 20,Norwich,Southampton,2,1,https://www.rsssf.org/tablese/eng2022.html,3,1,Kandang menang
2021/22,12,Nov 20,Newcastle,Brentford,3,3,https://www.rsssf.org/tablese/eng2022.html,6,0,Seri
2021/22,12,Nov 20,Liverpool,Arsenal,4,0,https://www.rsssf.org/tablese/eng2022.html,4,4,Kandang menang
2021/22,12,Nov 21,Manchester C,Everton,3,0,https://www.rsssf.org/tablese/eng2022.html,3,3,Kandang menang
2021/22,12,Nov 21,Tottenham,Leeds,2,1,https://www.rsssf.org/tablese/eng2022.html,3,1,Kandang menang
2021/22,13,Nov 27,Arsenal,Newcastle,2,0,https://www.rsssf.org/tablese/eng2022.html,2,2,Kandang menang
2021/22,13,Nov 27,Norwich,Wolverhampton,0,0,https://www.rsssf.org/tablese/eng2022.html,0,0,Seri
2021/22,13,Nov 27,Liverpool,Southampton,4,0,https://www.rsssf.org/tablese/eng2022.html,4,4,Kandang menang
2021/22,13,Nov 27,Crystal P,Aston Villa,1,2,https://www.rsssf.org/tablese/eng2022.html,3,-1,Tandang menang
2021/22,13,Nov 27,Brighton,Leeds,0,0,https://www.rsssf.org/tablese/eng2022.html,0,0,Seri
2021/22,13,Nov 28,Leicester,Watford,4,2,https://www.rsssf.org/tablese/eng2022.html,6,2,Kandang menang
2021/22,13,Nov 28,Brentford,Everton,1,0,https://www.rsssf.org/tablese/eng2022.html,1,1,Kandang menang
2021/22,13,Nov 28,Manchester C,West Ham,2,1,https://www.rsssf.org/tablese/eng2022.html,3,1,Kandang menang
2021/22,13,Nov 28,Chelsea,Manchester U,1,1,https://www.rsssf.org/tablese/eng2022.html,2,0,Seri
2021/22,13,Feb 23,Burnley,Tottenham,1,0,https://www.rsssf.org/tablese/eng2022.html,1,1,Kandang menang
2021/22,14,Nov 30,Newcastle,Norwich,1,1,https://www.rsssf.org/tablese/eng2022.html,2,0,Seri
2021/22,14,Nov 30,Leeds,Crystal P,1,0,https://www.rsssf.org/tablese/eng2022.html,1,1,Kandang menang
2021/22,14,Dec 1,Wolverhampton,Burnley,0,0,https://www.rsssf.org/tablese/eng2022.html,0,0,Seri
2021/22,14,Dec 1,West Ham,Brighton,1,1,https://www.rsssf.org/tablese/eng2022.html,2,0,Seri
2021/22,14,Dec 1,Southampton,Leicester,2,2,https://www.rsssf.org/tablese/eng2022.html,4,0,Seri
2021/22,14,Dec 1,Watford,Chelsea,1,2,https://www.rsssf.org/tablese/eng2022.html,3,-1,Tandang menang
2021/22,14,Dec 1,Everton,Liverpool,1,4,https://www.rsssf.org/tablese/eng2022.html,5,-3,Tandang menang
2021/22,14,Dec 1,Aston Villa,Manchester C,1,2,https://www.rsssf.org/tablese/eng2022.html,3,-1,Tandang menang
2021/22,14,Dec 2,Tottenham,Brentford,2,0,https://www.rsssf.org/tablese/eng2022.html,2,2,Kandang menang
2021/22,14,Dec 2,Manchester U,Arsenal,3,2,https://www.rsssf.org/tablese/eng2022.html,5,1,Kandang menang
2021/22,15,Dec 4,West Ham,Chelsea,3,2,https://www.rsssf.org/tablese/eng2022.html,5,1,Kandang menang
2021/22,15,Dec 4,Wolverhampton,Liverpool,0,1,https://www.rsssf.org/tablese/eng2022.html,1,-1,Tandang menang
2021/22,15,Dec 4,Newcastle,Burnley,1,0,https://www.rsssf.org/tablese/eng2022.html,1,1,Kandang menang
2021/22,15,Dec 4,Southampton,Brighton,1,1,https://www.rsssf.org/tablese/eng2022.html,2,0,Seri
2021/22,15,Dec 4,Watford,Manchester C,1,3,https://www.rsssf.org/tablese/eng2022.html,4,-2,Tandang menang
2021/22,15,Dec 5,Leeds,Brentford,2,2,https://www.rsssf.org/tablese/eng2022.html,4,0,Seri
2021/22,15,Dec 5,Tottenham,Norwich,3,0,https://www.rsssf.org/tablese/eng2022.html,3,3,Kandang menang
2021/22,15,Dec 5,Manchester U,Crystal P,1,0,https://www.rsssf.org/tablese/eng2022.html,1,1,Kandang menang
2021/22,15,Dec 5,Aston Villa,Leicester,2,1,https://www.rsssf.org/tablese/eng2022.html,3,1,Kandang menang
2021/22,15,Dec 6,Everton,Arsenal,2,1,https://www.rsssf.org/tablese/eng2022.html,3,1,Kandang menang
2021/22,16,Dec 10,Brentford,Watford,2,1,https://www.rsssf.org/tablese/eng2022.html,3,1,Kandang menang
2021/22,16,Dec 11,Manchester C,Wolverhampton,1,0,https://www.rsssf.org/tablese/eng2022.html,1,1,Kandang menang
2021/22,16,Dec 11,Chelsea,Leeds,3,2,https://www.rsssf.org/tablese/eng2022.html,5,1,Kandang menang
2021/22,16,Dec 11,Liverpool,Aston Villa,1,0,https://www.rsssf.org/tablese/eng2022.html,1,1,Kandang menang
2021/22,16,Dec 11,Arsenal,Southampton,3,0,https://www.rsssf.org/tablese/eng2022.html,3,3,Kandang menang
2021/22,16,Dec 11,Norwich,Manchester U,0,1,https://www.rsssf.org/tablese/eng2022.html,1,-1,Tandang menang
2021/22,16,Dec 12,Leicester,Newcastle,4,0,https://www.rsssf.org/tablese/eng2022.html,4,4,Kandang menang
2021/22,16,Dec 12,Burnley,West Ham,0,0,https://www.rsssf.org/tablese/eng2022.html,0,0,Seri
2021/22,16,Dec 12,Crystal P,Everton,3,1,https://www.rsssf.org/tablese/eng2022.html,4,2,Kandang menang
2021/22,16,Mar 16,Brighton,Tottenham,0,2,https://www.rsssf.org/tablese/eng2022.html,2,-2,Tandang menang
2021/22,17,Dec 14,Norwich,Aston Villa,0,2,https://www.rsssf.org/tablese/eng2022.html,2,-2,Tandang menang
2021/22,17,Dec 14,Manchester C,Leeds,7,0,https://www.rsssf.org/tablese/eng2022.html,7,7,Kandang menang
2021/22,17,Dec 15,Crystal P,Southampton,2,2,https://www.rsssf.org/tablese/eng2022.html,4,0,Seri
2021/22,17,Dec 15,Brighton,Wolverhampton,0,1,https://www.rsssf.org/tablese/eng2022.html,1,-1,Tandang menang
2021/22,17,Dec 15,Arsenal,West Ham,2,0,https://www.rsssf.org/tablese/eng2022.html,2,2,Kandang menang
2021/22,17,Dec 16,Chelsea,Everton,1,1,https://www.rsssf.org/tablese/eng2022.html,2,0,Seri
2021/22,17,Dec 16,Liverpool,Newcastle,3,1,https://www.rsssf.org/tablese/eng2022.html,4,2,Kandang menang
2021/22,17,Jan 19,Leicester,Tottenham,2,3,https://www.rsssf.org/tablese/eng2022.html,5,-1,Tandang menang
2021/22,17,Jan 19,Brentford,Manchester U,1,3,https://www.rsssf.org/tablese/eng2022.html,4,-2,Tandang menang
2021/22,17,Feb 5,Burnley,Watford,0,0,https://www.rsssf.org/tablese/eng2022.html,0,0,Seri
2021/22,18,Dec 18,Leeds,Arsenal,1,4,https://www.rsssf.org/tablese/eng2022.html,5,-3,Tandang menang
2021/22,18,Dec 19,Newcastle,Manchester C,0,4,https://www.rsssf.org/tablese/eng2022.html,4,-4,Tandang menang
2021/22,18,Dec 19,Wolverhampton,Chelsea,0,0,https://www.rsssf.org/tablese/eng2022.html,0,0,Seri
2021/22,18,Dec 19,Tottenham,Liverpool,2,2,https://www.rsssf.org/tablese/eng2022.html,4,0,Seri
2021/22,18,Jan 11,Southampton,Brentford,4,1,https://www.rsssf.org/tablese/eng2022.html,5,3,Kandang menang
2021/22,18,Jan 12,West Ham,Norwich,2,0,https://www.rsssf.org/tablese/eng2022.html,2,2,Kandang menang
2021/22,18,Feb 15,Manchester U,Brighton,2,0,https://www.rsssf.org/tablese/eng2022.html,2,2,Kandang menang
2021/22,18,Feb 23,Watford,Crystal P,1,4,https://www.rsssf.org/tablese/eng2022.html,5,-3,Tandang menang
2021/22,18,Apr 20,Everton,Leicester,1,1,https://www.rsssf.org/tablese/eng2022.html,2,0,Seri
2021/22,18,May 19,Aston Villa,Burnley,1,1,https://www.rsssf.org/tablese/eng2022.html,2,0,Seri
2021/22,19,Dec 26,Tottenham,Crystal P,3,0,https://www.rsssf.org/tablese/eng2022.html,3,3,Kandang menang
2021/22,19,Dec 26,Manchester C,Leicester,6,3,https://www.rsssf.org/tablese/eng2022.html,9,3,Kandang menang
2021/22,19,Dec 26,Norwich,Arsenal,0,5,https://www.rsssf.org/tablese/eng2022.html,5,-5,Tandang menang
2021/22,19,Dec 26,West Ham,Southampton,2,3,https://www.rsssf.org/tablese/eng2022.html,5,-1,Tandang menang
2021/22,19,Dec 26,Aston Villa,Chelsea,1,3,https://www.rsssf.org/tablese/eng2022.html,4,-2,Tandang menang
2021/22,19,Dec 26,Brighton,Brentford,2,0,https://www.rsssf.org/tablese/eng2022.html,2,2,Kandang menang
2021/22,19,Dec 27,Newcastle,Manchester U,1,1,https://www.rsssf.org/tablese/eng2022.html,2,0,Seri
2021/22,19,Feb 23,Liverpool,Leeds,6,0,https://www.rsssf.org/tablese/eng2022.html,6,6,Kandang menang
2021/22,19,Mar 10,Wolverhampton,Watford,4,0,https://www.rsssf.org/tablese/eng2022.html,4,4,Kandang menang
2021/22,19,Apr 6,Burnley,Everton,3,2,https://www.rsssf.org/tablese/eng2022.html,5,1,Kandang menang
2021/22,20,Dec 28,Crystal P,Norwich,3,0,https://www.rsssf.org/tablese/eng2022.html,3,3,Kandang menang
2021/22,20,Dec 28,Southampton,Tottenham,1,1,https://www.rsssf.org/tablese/eng2022.html,2,0,Seri
2021/22,20,Dec 28,Watford,West Ham,1,4,https://www.rsssf.org/tablese/eng2022.html,5,-3,Tandang menang
2021/22,20,Dec 28,Leicester,Liverpool,1,0,https://www.rsssf.org/tablese/eng2022.html,1,1,Kandang menang
2021/22,20,Dec 29,Chelsea,Brighton,1,1,https://www.rsssf.org/tablese/eng2022.html,2,0,Seri
2021/22,20,Dec 29,Brentford,Manchester C,0,1,https://www.rsssf.org/tablese/eng2022.html,1,-1,Tandang menang
2021/22,20,Dec 30,Manchester U,Burnley,3,1,https://www.rsssf.org/tablese/eng2022.html,4,2,Kandang menang
2021/22,20,Feb 24,Arsenal,Wolverhampton,2,1,https://www.rsssf.org/tablese/eng2022.html,3,1,Kandang menang
2021/22,20,Mar 10,Leeds,Aston Villa,0,3,https://www.rsssf.org/tablese/eng2022.html,3,-3,Tandang menang
2021/22,20,Mar 17,Everton,Newcastle,1,0,https://www.rsssf.org/tablese/eng2022.html,1,1,Kandang menang
2021/22,21,Jan 1,Arsenal,Manchester C,1,2,https://www.rsssf.org/tablese/eng2022.html,3,-1,Tandang menang
2021/22,21,Jan 1,Watford,Tottenham,0,1,https://www.rsssf.org/tablese/eng2022.html,1,-1,Tandang menang
2021/22,21,Jan 1,Crystal P,West Ham,2,3,https://www.rsssf.org/tablese/eng2022.html,5,-1,Tandang menang
2021/22,21,Jan 2,Everton,Brighton,2,3,https://www.rsssf.org/tablese/eng2022.html,5,-1,Tandang menang
2021/22,21,Jan 2,Brentford,Aston Villa,2,1,https://www.rsssf.org/tablese/eng2022.html,3,1,Kandang menang
2021/22,21,Jan 2,Leeds,Burnley,3,1,https://www.rsssf.org/tablese/eng2022.html,4,2,Kandang menang
2021/22,21,Jan 2,Chelsea,Liverpool,2,2,https://www.rsssf.org/tablese/eng2022.html,4,0,Seri
2021/22,21,Jan 3,Manchester U,Wolverhampton,0,1,https://www.rsssf.org/tablese/eng2022.html,1,-1,Tandang menang
2021/22,21,Mar 10,Southampton,Newcastle,1,2,https://www.rsssf.org/tablese/eng2022.html,3,-1,Tandang menang
2021/22,21,May 11,Leicester,Norwich,3,0,https://www.rsssf.org/tablese/eng2022.html,3,3,Kandang menang
2021/22,22,Jan 14,Brighton,Crystal P,1,1,https://www.rsssf.org/tablese/eng2022.html,2,0,Seri
2021/22,22,Jan 15,Manchester C,Chelsea,1,0,https://www.rsssf.org/tablese/eng2022.html,1,1,Kandang menang
2021/22,22,Jan 15,Wolverhampton,Southampton,3,1,https://www.rsssf.org/tablese/eng2022.html,4,2,Kandang menang
2021/22,22,Jan 15,Newcastle,Watford,1,1,https://www.rsssf.org/tablese/eng2022.html,2,0,Seri
2021/22,22,Jan 15,Norwich,Everton,2,1,https://www.rsssf.org/tablese/eng2022.html,3,1,Kandang menang
2021/22,22,Jan 15,Aston Villa,Manchester U,2,2,https://www.rsssf.org/tablese/eng2022.html,4,0,Seri
2021/22,22,Jan 16,West Ham,Leeds,2,3,https://www.rsssf.org/tablese/eng2022.html,5,-1,Tandang menang
2021/22,22,Jan 16,Liverpool,Brentford,3,0,https://www.rsssf.org/tablese/eng2022.html,3,3,Kandang menang
2021/22,22,Mar 1,Burnley,Leicester,0,2,https://www.rsssf.org/tablese/eng2022.html,2,-2,Tandang menang
2021/22,22,May 12,Tottenham,Arsenal,3,0,https://www.rsssf.org/tablese/eng2022.html,3,3,Kandang menang
2021/22,23,Jan 21,Watford,Norwich,0,3,https://www.rsssf.org/tablese/eng2022.html,3,-3,Tandang menang
2021/22,23,Jan 22,Everton,Aston Villa,0,1,https://www.rsssf.org/tablese/eng2022.html,1,-1,Tandang menang
2021/22,23,Jan 22,Brentford,Wolverhampton,1,2,https://www.rsssf.org/tablese/eng2022.html,3,-1,Tandang menang
2021/22,23,Jan 22,Leeds,Newcastle,0,1,https://www.rsssf.org/tablese/eng2022.html,1,-1,Tandang menang
2021/22,23,Jan 22,Manchester U,West Ham,1,0,https://www.rsssf.org/tablese/eng2022.html,1,1,Kandang menang
2021/22,23,Jan 22,Southampton,Manchester C,1,1,https://www.rsssf.org/tablese/eng2022.html,2,0,Seri
2021/22,23,Jan 23,Arsenal,Burnley,0,0,https://www.rsssf.org/tablese/eng2022.html,0,0,Seri
2021/22,23,Jan 23,Crystal P,Liverpool,1,3,https://www.rsssf.org/tablese/eng2022.html,4,-2,Tandang menang
2021/22,23,Jan 23,Leicester,Brighton,1,1,https://www.rsssf.org/tablese/eng2022.html,2,0,Seri
2021/22,23,Jan 23,Chelsea,Tottenham,2,0,https://www.rsssf.org/tablese/eng2022.html,2,2,Kandang menang
2021/22,24,Jan 18,Brighton,Chelsea,1,1,https://www.rsssf.org/tablese/eng2022.html,2,0,Seri
2021/22,24,Feb 8,Newcastle,Everton,3,1,https://www.rsssf.org/tablese/eng2022.html,4,2,Kandang menang
2021/22,24,Feb 8,West Ham,Watford,1,0,https://www.rsssf.org/tablese/eng2022.html,1,1,Kandang menang
2021/22,24,Feb 8,Burnley,Manchester U,1,1,https://www.rsssf.org/tablese/eng2022.html,2,0,Seri
2021/22,24,Feb 9,Manchester C,Brentford,2,0,https://www.rsssf.org/tablese/eng2022.html,2,2,Kandang menang
2021/22,24,Feb 9,Norwich,Crystal P,1,1,https://www.rsssf.org/tablese/eng2022.html,2,0,Seri
2021/22,24,Feb 9,Tottenham,Southampton,2,3,https://www.rsssf.org/tablese/eng2022.html,5,-1,Tandang menang
2021/22,24,Feb 9,Aston Villa,Leeds,3,3,https://www.rsssf.org/tablese/eng2022.html,6,0,Seri
2021/22,24,Feb 10,Liverpool,Leicester,2,0,https://www.rsssf.org/tablese/eng2022.html,2,2,Kandang menang
2021/22,24,Feb 10,Wolverhampton,Arsenal,0,1,https://www.rsssf.org/tablese/eng2022.html,1,-1,Tandang menang
2021/22,25,Feb 12,Manchester U,Southampton,1,1,https://www.rsssf.org/tablese/eng2022.html,2,0,Seri
2021/22,25,Feb 12,Watford,Brighton,0,2,https://www.rsssf.org/tablese/eng2022.html,2,-2,Tandang menang
2021/22,25,Feb 12,Everton,Leeds,3,0,https://www.rsssf.org/tablese/eng2022.html,3,3,Kandang menang
2021/22,25,Feb 12,Brentford,Crystal P,0,0,https://www.rsssf.org/tablese/eng2022.html,0,0,Seri
2021/22,25,Feb 12,Norwich,Manchester C,0,4,https://www.rsssf.org/tablese/eng2022.html,4,-4,Tandang menang
2021/22,25,Feb 13,Tottenham,Wolverhampton,0,2,https://www.rsssf.org/tablese/eng2022.html,2,-2,Tandang menang
2021/22,25,Feb 13,Newcastle,Aston Villa,1,0,https://www.rsssf.org/tablese/eng2022.html,1,1,Kandang menang
2021/22,25,Feb 13,Burnley,Liverpool,0,1,https://www.rsssf.org/tablese/eng2022.html,1,-1,Tandang menang
2021/22,25,Feb 13,Leicester,West Ham,2,2,https://www.rsssf.org/tablese/eng2022.html,4,0,Seri
2021/22,25,Apr 20,Chelsea,Arsenal,2,4,https://www.rsssf.org/tablese/eng2022.html,6,-2,Tandang menang
2021/22,26,Feb 19,West Ham,Newcastle,1,1,https://www.rsssf.org/tablese/eng2022.html,2,0,Seri
2021/22,26,Feb 19,Arsenal,Brentford,2,1,https://www.rsssf.org/tablese/eng2022.html,3,1,Kandang menang
2021/22,26,Feb 19,Aston Villa,Watford,0,1,https://www.rsssf.org/tablese/eng2022.html,1,-1,Tandang menang
2021/22,26,Feb 19,Brighton,Burnley,0,3,https://www.rsssf.org/tablese/eng2022.html,3,-3,Tandang menang
2021/22,26,Feb 19,Crystal P,Chelsea,0,1,https://www.rsssf.org/tablese/eng2022.html,1,-1,Tandang menang
2021/22,26,Feb 19,Liverpool,Norwich,3,1,https://www.rsssf.org/tablese/eng2022.html,4,2,Kandang menang
2021/22,26,Feb 19,Southampton,Everton,2,0,https://www.rsssf.org/tablese/eng2022.html,2,2,Kandang menang
2021/22,26,Feb 19,Manchester C,Tottenham,2,3,https://www.rsssf.org/tablese/eng2022.html,5,-1,Tandang menang
2021/22,26,Feb 20,Leeds,Manchester U,2,4,https://www.rsssf.org/tablese/eng2022.html,6,-2,Tandang menang
2021/22,26,Feb 20,Wolverhampton,Leicester,2,1,https://www.rsssf.org/tablese/eng2022.html,3,1,Kandang menang
2021/22,27,Feb 25,Southampton,Norwich,2,0,https://www.rsssf.org/tablese/eng2022.html,2,2,Kandang menang
2021/22,27,Feb 26,Leeds,Tottenham,0,4,https://www.rsssf.org/tablese/eng2022.html,4,-4,Tandang menang
2021/22,27,Feb 26,Brentford,Newcastle,0,2,https://www.rsssf.org/tablese/eng2022.html,2,-2,Tandang menang
2021/22,27,Feb 26,Crystal P,Burnley,1,1,https://www.rsssf.org/tablese/eng2022.html,2,0,Seri
2021/22,27,Feb 26,Manchester U,Watford,0,0,https://www.rsssf.org/tablese/eng2022.html,0,0,Seri
2021/22,27,Feb 26,Brighton,Aston Villa,0,2,https://www.rsssf.org/tablese/eng2022.html,2,-2,Tandang menang
2021/22,27,Feb 26,Everton,Manchester C,0,1,https://www.rsssf.org/tablese/eng2022.html,1,-1,Tandang menang
2021/22,27,Feb 27,West Ham,Wolverhampton,1,0,https://www.rsssf.org/tablese/eng2022.html,1,1,Kandang menang
2021/22,27,Mar 16,Arsenal,Liverpool,0,2,https://www.rsssf.org/tablese/eng2022.html,2,-2,Tandang menang
2021/22,27,May 19,Chelsea,Leicester,1,1,https://www.rsssf.org/tablese/eng2022.html,2,0,Seri
2021/22,28,Mar 5,Leicester,Leeds,1,0,https://www.rsssf.org/tablese/eng2022.html,1,1,Kandang menang
2021/22,28,Mar 5,Aston Villa,Southampton,4,0,https://www.rsssf.org/tablese/eng2022.html,4,4,Kandang menang
2021/22,28,Mar 5,Burnley,Chelsea,0,4,https://www.rsssf.org/tablese/eng2022.html,4,-4,Tandang menang
2021/22,28,Mar 5,Newcastle,Brighton,2,1,https://www.rsssf.org/tablese/eng2022.html,3,1,Kandang menang
2021/22,28,Mar 5,Norwich,Brentford,1,3,https://www.rsssf.org/tablese/eng2022.html,4,-2,Tandang menang
2021/22,28,Mar 5,Wolverhampton,Crystal P,0,2,https://www.rsssf.org/tablese/eng2022.html,2,-2,Tandang menang
2021/22,28,Mar 5,Liverpool,West Ham,1,0,https://www.rsssf.org/tablese/eng2022.html,1,1,Kandang menang
2021/22,28,Mar 6,Watford,Arsenal,2,3,https://www.rsssf.org/tablese/eng2022.html,5,-1,Tandang menang
2021/22,28,Mar 6,Manchester C,Manchester U,4,1,https://www.rsssf.org/tablese/eng2022.html,5,3,Kandang menang
2021/22,28,Mar 7,Tottenham,Everton,5,0,https://www.rsssf.org/tablese/eng2022.html,5,5,Kandang menang
2021/22,29,Mar 12,Brighton,Liverpool,0,2,https://www.rsssf.org/tablese/eng2022.html,2,-2,Tandang menang
2021/22,29,Mar 12,Brentford,Burnley,2,0,https://www.rsssf.org/tablese/eng2022.html,2,2,Kandang menang
2021/22,29,Mar 12,Manchester U,Tottenham,3,2,https://www.rsssf.org/tablese/eng2022.html,5,1,Kandang menang
2021/22,29,Mar 13,Chelsea,Newcastle,1,0,https://www.rsssf.org/tablese/eng2022.html,1,1,Kandang menang
2021/22,29,Mar 13,Everton,Wolverhampton,0,1,https://www.rsssf.org/tablese/eng2022.html,1,-1,Tandang menang
2021/22,29,Mar 13,Leeds,Norwich,2,1,https://www.rsssf.org/tablese/eng2022.html,3,1,Kandang menang
2021/22,29,Mar 13,Southampton,Watford,1,2,https://www.rsssf.org/tablese/eng2022.html,3,-1,Tandang menang
2021/22,29,Mar 13,West Ham,Aston Villa,2,1,https://www.rsssf.org/tablese/eng2022.html,3,1,Kandang menang
2021/22,29,Mar 13,Arsenal,Leicester,2,0,https://www.rsssf.org/tablese/eng2022.html,2,2,Kandang menang
2021/22,29,Mar 14,Crystal P,Manchester C,0,0,https://www.rsssf.org/tablese/eng2022.html,0,0,Seri
2021/22,30,Mar 10,Norwich,Chelsea,1,3,https://www.rsssf.org/tablese/eng2022.html,4,-2,Tandang menang
2021/22,30,Mar 18,Wolverhampton,Leeds,2,3,https://www.rsssf.org/tablese/eng2022.html,5,-1,Tandang menang
2021/22,30,Mar 19,Aston Villa,Arsenal,0,1,https://www.rsssf.org/tablese/eng2022.html,1,-1,Tandang menang
2021/22,30,Mar 20,Leicester,Brentford,2,1,https://www.rsssf.org/tablese/eng2022.html,3,1,Kandang menang
2021/22,30,Mar 20,Tottenham,West Ham,3,1,https://www.rsssf.org/tablese/eng2022.html,4,2,Kandang menang
2021/22,30,Apr 19,Liverpool,Manchester U,4,0,https://www.rsssf.org/tablese/eng2022.html,4,4,Kandang menang
2021/22,30,Apr 20,Newcastle,Crystal P,1,0,https://www.rsssf.org/tablese/eng2022.html,1,1,Kandang menang
2021/22,30,Apr 20,Manchester C,Brighton,3,0,https://www.rsssf.org/tablese/eng2022.html,3,3,Kandang menang
2021/22,30,Apr 21,Burnley,Southampton,2,0,https://www.rsssf.org/tablese/eng2022.html,2,2,Kandang menang
2021/22,30,May 11,Watford,Everton,0,0,https://www.rsssf.org/tablese/eng2022.html,0,0,Seri
2021/22,31,Apr 2,Liverpool,Watford,2,0,https://www.rsssf.org/tablese/eng2022.html,2,2,Kandang menang
2021/22,31,Apr 2,Brighton,Norwich,0,0,https://www.rsssf.org/tablese/eng2022.html,0,0,Seri
2021/22,31,Apr 2,Burnley,Manchester C,0,2,https://www.rsssf.org/tablese/eng2022.html,2,-2,Tandang menang
2021/22,31,Apr 2,Chelsea,Brentford,1,4,https://www.rsssf.org/tablese/eng2022.html,5,-3,Tandang menang
2021/22,31,Apr 2,Leeds,Southampton,1,1,https://www.rsssf.org/tablese/eng2022.html,2,0,Seri
2021/22,31,Apr 2,Wolverhampton,Aston Villa,2,1,https://www.rsssf.org/tablese/eng2022.html,3,1,Kandang menang
2021/22,31,Apr 2,Manchester U,Leicester,1,1,https://www.rsssf.org/tablese/eng2022.html,2,0,Seri
2021/22,31,Apr 3,West Ham,Everton,2,1,https://www.rsssf.org/tablese/eng2022.html,3,1,Kandang menang
2021/22,31,Apr 3,Tottenham,Newcastle,5,1,https://www.rsssf.org/tablese/eng2022.html,6,4,Kandang menang
2021/22,31,Apr 4,Crystal P,Arsenal,3,0,https://www.rsssf.org/tablese/eng2022.html,3,3,Kandang menang
2021/22,32,Apr 8,Newcastle,Wolverhampton,1,0,https://www.rsssf.org/tablese/eng2022.html,1,1,Kandang menang
2021/22,32,Apr 9,Everton,Manchester U,1,0,https://www.rsssf.org/tablese/eng2022.html,1,1,Kandang menang
2021/22,32,Apr 9,Arsenal,Brighton,1,2,https://www.rsssf.org/tablese/eng2022.html,3,-1,Tandang menang
2021/22,32,Apr 9,Southampton,Chelsea,0,6,https://www.rsssf.org/tablese/eng2022.html,6,-6,Tandang menang
2021/22,32,Apr 9,Watford,Leeds,0,3,https://www.rsssf.org/tablese/eng2022.html,3,-3,Tandang menang
2021/22,32,Apr 9,Aston Villa,Tottenham,0,4,https://www.rsssf.org/tablese/eng2022.html,4,-4,Tandang menang
2021/22,32,Apr 10,Brentford,West Ham,2,0,https://www.rsssf.org/tablese/eng2022.html,2,2,Kandang menang
2021/22,32,Apr 10,Leicester,Crystal P,2,1,https://www.rsssf.org/tablese/eng2022.html,3,1,Kandang menang
2021/22,32,Apr 10,Norwich,Burnley,2,0,https://www.rsssf.org/tablese/eng2022.html,2,2,Kandang menang
2021/22,32,Apr 10,Manchester C,Liverpool,2,2,https://www.rsssf.org/tablese/eng2022.html,4,0,Seri
2021/22,33,Apr 16,Tottenham,Brighton,0,1,https://www.rsssf.org/tablese/eng2022.html,1,-1,Tandang menang
2021/22,33,Apr 16,Manchester U,Norwich,3,2,https://www.rsssf.org/tablese/eng2022.html,5,1,Kandang menang
2021/22,33,Apr 16,Southampton,Arsenal,1,0,https://www.rsssf.org/tablese/eng2022.html,1,1,Kandang menang
2021/22,33,Apr 16,Watford,Brentford,1,2,https://www.rsssf.org/tablese/eng2022.html,3,-1,Tandang menang
2021/22,33,Apr 17,Newcastle,Leicester,2,1,https://www.rsssf.org/tablese/eng2022.html,3,1,Kandang menang
2021/22,33,Apr 17,West Ham,Burnley,1,1,https://www.rsssf.org/tablese/eng2022.html,2,0,Seri
2021/22,33,May 10,Aston Villa,Liverpool,1,2,https://www.rsssf.org/tablese/eng2022.html,3,-1,Tandang menang
2021/22,33,May 11,Leeds,Chelsea,0,3,https://www.rsssf.org/tablese/eng2022.html,3,-3,Tandang menang
2021/22,33,May 11,Wolverhampton,Manchester C,1,5,https://www.rsssf.org/tablese/eng2022.html,6,-4,Tandang menang
2021/22,33,May 19,Everton,Crystal P,3,2,https://www.rsssf.org/tablese/eng2022.html,5,1,Kandang menang
2021/22,34,Apr 23,Arsenal,Manchester U,3,1,https://www.rsssf.org/tablese/eng2022.html,4,2,Kandang menang
2021/22,34,Apr 23,Leicester,Aston Villa,0,0,https://www.rsssf.org/tablese/eng2022.html,0,0,Seri
2021/22,34,Apr 23,Manchester C,Watford,5,1,https://www.rsssf.org/tablese/eng2022.html,6,4,Kandang menang
2021/22,34,Apr 23,Norwich,Newcastle,0,3,https://www.rsssf.org/tablese/eng2022.html,3,-3,Tandang menang
2021/22,34,Apr 23,Brentford,Tottenham,0,0,https://www.rsssf.org/tablese/eng2022.html,0,0,Seri
2021/22,34,Apr 24,Brighton,Southampton,2,2,https://www.rsssf.org/tablese/eng2022.html,4,0,Seri
2021/22,34,Apr 24,Burnley,Wolverhampton,1,0,https://www.rsssf.org/tablese/eng2022.html,1,1,Kandang menang
2021/22,34,Apr 24,Chelsea,West Ham,1,0,https://www.rsssf.org/tablese/eng2022.html,1,1,Kandang menang
2021/22,34,Apr 24,Liverpool,Everton,2,0,https://www.rsssf.org/tablese/eng2022.html,2,2,Kandang menang
2021/22,34,Apr 25,Crystal P,Leeds,0,0,https://www.rsssf.org/tablese/eng2022.html,0,0,Seri
2021/22,35,Apr 30,Newcastle,Liverpool,0,1,https://www.rsssf.org/tablese/eng2022.html,1,-1,Tandang menang
2021/22,35,Apr 30,Aston Villa,Norwich,2,0,https://www.rsssf.org/tablese/eng2022.html,2,2,Kandang menang
2021/22,35,Apr 30,Southampton,Crystal P,1,2,https://www.rsssf.org/tablese/eng2022.html,3,-1,Tandang menang
2021/22,35,Apr 30,Watford,Burnley,1,2,https://www.rsssf.org/tablese/eng2022.html,3,-1,Tandang menang
2021/22,35,Apr 30,Wolverhampton,Brighton,0,3,https://www.rsssf.org/tablese/eng2022.html,3,-3,Tandang menang
2021/22,35,Apr 30,Leeds,Manchester C,0,4,https://www.rsssf.org/tablese/eng2022.html,4,-4,Tandang menang
2021/22,35,May 1,Everton,Chelsea,1,0,https://www.rsssf.org/tablese/eng2022.html,1,1,Kandang menang
2021/22,35,May 1,Tottenham,Leicester,3,1,https://www.rsssf.org/tablese/eng2022.html,4,2,Kandang menang
2021/22,35,May 1,West Ham,Arsenal,1,2,https://www.rsssf.org/tablese/eng2022.html,3,-1,Tandang menang
2021/22,35,May 2,Manchester U,Brentford,3,0,https://www.rsssf.org/tablese/eng2022.html,3,3,Kandang menang
2021/22,36,May 7,Brentford,Southampton,3,0,https://www.rsssf.org/tablese/eng2022.html,3,3,Kandang menang
2021/22,36,May 7,Burnley,Aston Villa,1,3,https://www.rsssf.org/tablese/eng2022.html,4,-2,Tandang menang
2021/22,36,May 7,Chelsea,Wolverhampton,2,2,https://www.rsssf.org/tablese/eng2022.html,4,0,Seri
2021/22,36,May 7,Crystal P,Watford,1,0,https://www.rsssf.org/tablese/eng2022.html,1,1,Kandang menang
2021/22,36,May 7,Brighton,Manchester U,4,0,https://www.rsssf.org/tablese/eng2022.html,4,4,Kandang menang
2021/22,36,May 7,Liverpool,Tottenham,1,1,https://www.rsssf.org/tablese/eng2022.html,2,0,Seri
2021/22,36,May 8,Arsenal,Leeds,2,1,https://www.rsssf.org/tablese/eng2022.html,3,1,Kandang menang
2021/22,36,May 8,Leicester,Everton,1,2,https://www.rsssf.org/tablese/eng2022.html,3,-1,Tandang menang
2021/22,36,May 8,Norwich,West Ham,0,4,https://www.rsssf.org/tablese/eng2022.html,4,-4,Tandang menang
2021/22,36,May 8,Manchester C,Newcastle,5,0,https://www.rsssf.org/tablese/eng2022.html,5,5,Kandang menang
2021/22,37,Apr 28,Manchester U,Chelsea,1,1,https://www.rsssf.org/tablese/eng2022.html,2,0,Seri
2021/22,37,May 15,Tottenham,Burnley,1,0,https://www.rsssf.org/tablese/eng2022.html,1,1,Kandang menang
2021/22,37,May 15,Aston Villa,Crystal P,1,1,https://www.rsssf.org/tablese/eng2022.html,2,0,Seri
2021/22,37,May 15,Leeds,Brighton,1,1,https://www.rsssf.org/tablese/eng2022.html,2,0,Seri
2021/22,37,May 15,Watford,Leicester,1,5,https://www.rsssf.org/tablese/eng2022.html,6,-4,Tandang menang
2021/22,37,May 15,West Ham,Manchester C,2,2,https://www.rsssf.org/tablese/eng2022.html,4,0,Seri
2021/22,37,May 15,Wolverhampton,Norwich,1,1,https://www.rsssf.org/tablese/eng2022.html,2,0,Seri
2021/22,37,May 15,Everton,Brentford,2,3,https://www.rsssf.org/tablese/eng2022.html,5,-1,Tandang menang
2021/22,37,May 16,Newcastle,Arsenal,2,0,https://www.rsssf.org/tablese/eng2022.html,2,2,Kandang menang
2021/22,37,May 17,Southampton,Liverpool,1,2,https://www.rsssf.org/tablese/eng2022.html,3,-1,Tandang menang
2021/22,38,,Arsenal,Everton,5,1,https://www.rsssf.org/tablese/eng2022.html,6,4,Kandang menang
2021/22,38,,Brentford,Leeds,1,2,https://www.rsssf.org/tablese/eng2022.html,3,-1,Tandang menang
2021/22,38,,Brighton,West Ham,3,1,https://www.rsssf.org/tablese/eng2022.html,4,2,Kandang menang
2021/22,38,,Burnley,Newcastle,1,2,https://www.rsssf.org/tablese/eng2022.html,3,-1,Tandang menang
2021/22,38,,Chelsea,Watford,2,1,https://www.rsssf.org/tablese/eng2022.html,3,1,Kandang menang
2021/22,38,,Crystal P,Manchester U,1,0,https://www.rsssf.org/tablese/eng2022.html,1,1,Kandang menang
2021/22,38,,Leicester,Southampton,4,1,https://www.rsssf.org/tablese/eng2022.html,5,3,Kandang menang
2021/22,38,,Liverpool,Wolverhampton,3,1,https://www.rsssf.org/tablese/eng2022.html,4,2,Kandang menang
2021/22,38,,Manchester C,Aston Villa,3,2,https://www.rsssf.org/tablese/eng2022.html,5,1,Kandang menang
2021/22,38,,Norwich,Tottenham,0,5,https://www.rsssf.org/tablese/eng2022.html,5,-5,Tandang menang
2022/23,1,Aug 5,Crystal P,Arsenal,0,2,https://www.rsssf.org/tablese/eng2023.html,2,-2,Tandang menang
2022/23,1,Aug 6,Fulham,Liverpool,2,2,https://www.rsssf.org/tablese/eng2023.html,4,0,Seri
2022/23,1,Aug 6,Bournemouth,Aston Villa,2,0,https://www.rsssf.org/tablese/eng2023.html,2,2,Kandang menang
2022/23,1,Aug 6,Leeds,Wolverhampton,2,1,https://www.rsssf.org/tablese/eng2023.html,3,1,Kandang menang
2022/23,1,Aug 6,Newcastle,Nottingham,2,0,https://www.rsssf.org/tablese/eng2023.html,2,2,Kandang menang
2022/23,1,Aug 6,Tottenham,Southampton,4,1,https://www.rsssf.org/tablese/eng2023.html,5,3,Kandang menang
2022/23,1,Aug 6,Everton,Chelsea,0,1,https://www.rsssf.org/tablese/eng2023.html,1,-1,Tandang menang
2022/23,1,Aug 7,Leicester,Brentford,2,2,https://www.rsssf.org/tablese/eng2023.html,4,0,Seri
2022/23,1,Aug 7,Manchester U,Brighton,1,2,https://www.rsssf.org/tablese/eng2023.html,3,-1,Tandang menang
2022/23,1,Aug 7,West Ham,Manchester C,0,2,https://www.rsssf.org/tablese/eng2023.html,2,-2,Tandang menang
2022/23,2,Aug 13,Aston Villa,Everton,2,1,https://www.rsssf.org/tablese/eng2023.html,3,1,Kandang menang
2022/23,2,Aug 13,Arsenal,Leicester,4,2,https://www.rsssf.org/tablese/eng2023.html,6,2,Kandang menang
2022/23,2,Aug 13,Brighton,Newcastle,0,0,https://www.rsssf.org/tablese/eng2023.html,0,0,Seri
2022/23,2,Aug 13,Manchester C,Bournemouth,4,0,https://www.rsssf.org/tablese/eng2023.html,4,4,Kandang menang
2022/23,2,Aug 13,Southampton,Leeds,2,2,https://www.rsssf.org/tablese/eng2023.html,4,0,Seri
2022/23,2,Aug 13,Wolverhampton,Fulham,0,0,https://www.rsssf.org/tablese/eng2023.html,0,0,Seri
2022/23,2,Aug 13,Brentford,Manchester U,4,0,https://www.rsssf.org/tablese/eng2023.html,4,4,Kandang menang
2022/23,2,Aug 14,Nottingham,West Ham,1,0,https://www.rsssf.org/tablese/eng2023.html,1,1,Kandang menang
2022/23,2,Aug 14,Chelsea,Tottenham,2,2,https://www.rsssf.org/tablese/eng2023.html,4,0,Seri
2022/23,2,Aug 15,Liverpool,Crystal P,1,1,https://www.rsssf.org/tablese/eng2023.html,2,0,Seri
2022/23,3,Aug 20,Tottenham,Wolverhampton,1,0,https://www.rsssf.org/tablese/eng2023.html,1,1,Kandang menang
2022/23,3,Aug 20,Crystal P,Aston Villa,3,1,https://www.rsssf.org/tablese/eng2023.html,4,2,Kandang menang
2022/23,3,Aug 20,Everton,Nottingham,1,1,https://www.rsssf.org/tablese/eng2023.html,2,0,Seri
2022/23,3,Aug 20,Fulham,Brentford,3,2,https://www.rsssf.org/tablese/eng2023.html,5,1,Kandang menang
2022/23,3,Aug 20,Leicester,Southampton,1,2,https://www.rsssf.org/tablese/eng2023.html,3,-1,Tandang menang
2022/23,3,Aug 20,Bournemouth,Arsenal,0,3,https://www.rsssf.org/tablese/eng2023.html,3,-3,Tandang menang
2022/23,3,Aug 21,Leeds,Chelsea,3,0,https://www.rsssf.org/tablese/eng2023.html,3,3,Kandang menang
2022/23,3,Aug 21,West Ham,Brighton,0,2,https://www.rsssf.org/tablese/eng2023.html,2,-2,Tandang menang
2022/23,3,Aug 21,Newcastle,Manchester C,3,3,https://www.rsssf.org/tablese/eng2023.html,6,0,Seri
2022/23,3,Aug 22,Manchester U,Liverpool,2,1,https://www.rsssf.org/tablese/eng2023.html,3,1,Kandang menang
2022/23,4,Aug 27,Southampton,Manchester U,0,1,https://www.rsssf.org/tablese/eng2023.html,1,-1,Tandang menang
2022/23,4,Aug 27,Brentford,Everton,1,1,https://www.rsssf.org/tablese/eng2023.html,2,0,Seri
2022/23,4,Aug 27,Brighton,Leeds,1,0,https://www.rsssf.org/tablese/eng2023.html,1,1,Kandang menang
2022/23,4,Aug 27,Chelsea,Leicester,2,1,https://www.rsssf.org/tablese/eng2023.html,3,1,Kandang menang
2022/23,4,Aug 27,Liverpool,Bournemouth,9,0,https://www.rsssf.org/tablese/eng2023.html,9,9,Kandang menang
2022/23,4,Aug 27,Manchester C,Crystal P,4,2,https://www.rsssf.org/tablese/eng2023.html,6,2,Kandang menang
2022/23,4,Aug 27,Arsenal,Fulham,2,1,https://www.rsssf.org/tablese/eng2023.html,3,1,Kandang menang
2022/23,4,Aug 28,Aston Villa,West Ham,0,1,https://www.rsssf.org/tablese/eng2023.html,1,-1,Tandang menang
2022/23,4,Aug 28,Wolverhampton,Newcastle,1,1,https://www.rsssf.org/tablese/eng2023.html,2,0,Seri
2022/23,4,Aug 28,Nottingham,Tottenham,0,2,https://www.rsssf.org/tablese/eng2023.html,2,-2,Tandang menang
2022/23,5,Aug 30,Crystal P,Brentford,1,1,https://www.rsssf.org/tablese/eng2023.html,2,0,Seri
2022/23,5,Aug 30,Fulham,Brighton,2,1,https://www.rsssf.org/tablese/eng2023.html,3,1,Kandang menang
2022/23,5,Aug 30,Southampton,Chelsea,2,1,https://www.rsssf.org/tablese/eng2023.html,3,1,Kandang menang
2022/23,5,Aug 30,Leeds,Everton,1,1,https://www.rsssf.org/tablese/eng2023.html,2,0,Seri
2022/23,5,Aug 31,Arsenal,Aston Villa,2,1,https://www.rsssf.org/tablese/eng2023.html,3,1,Kandang menang
2022/23,5,Aug 31,Bournemouth,Wolverhampton,0,0,https://www.rsssf.org/tablese/eng2023.html,0,0,Seri
2022/23,5,Aug 31,Manchester C,Nottingham,6,0,https://www.rsssf.org/tablese/eng2023.html,6,6,Kandang menang
2022/23,5,Aug 31,West Ham,Tottenham,1,1,https://www.rsssf.org/tablese/eng2023.html,2,0,Seri
2022/23,5,Aug 31,Liverpool,Newcastle,2,1,https://www.rsssf.org/tablese/eng2023.html,3,1,Kandang menang
2022/23,5,Sep 1,Leicester,Manchester U,0,1,https://www.rsssf.org/tablese/eng2023.html,1,-1,Tandang menang
2022/23,6,Sep 3,Everton,Liverpool,0,0,https://www.rsssf.org/tablese/eng2023.html,0,0,Seri
2022/23,6,Sep 3,Brentford,Leeds,5,2,https://www.rsssf.org/tablese/eng2023.html,7,3,Kandang menang
2022/23,6,Sep 3,Chelsea,West Ham,2,1,https://www.rsssf.org/tablese/eng2023.html,3,1,Kandang menang
2022/23,6,Sep 3,Newcastle,Crystal P,0,0,https://www.rsssf.org/tablese/eng2023.html,0,0,Seri
2022/23,6,Sep 3,Nottingham,Bournemouth,2,3,https://www.rsssf.org/tablese/eng2023.html,5,-1,Tandang menang
2022/23,6,Sep 3,Tottenham,Fulham,2,1,https://www.rsssf.org/tablese/eng2023.html,3,1,Kandang menang
2022/23,6,Sep 3,Wolverhampton,Southampton,1,0,https://www.rsssf.org/tablese/eng2023.html,1,1,Kandang menang
2022/23,6,Sep 3,Aston Villa,Manchester C,1,1,https://www.rsssf.org/tablese/eng2023.html,2,0,Seri
2022/23,6,Sep 4,Brighton,Leicester,5,2,https://www.rsssf.org/tablese/eng2023.html,7,3,Kandang menang
2022/23,6,Sep 4,Manchester U,Arsenal,3,1,https://www.rsssf.org/tablese/eng2023.html,4,2,Kandang menang
2022/23,7,Jan 12,Fulham,Chelsea,2,1,https://www.rsssf.org/tablese/eng2023.html,3,1,Kandang menang
2022/23,7,Jan 18,Crystal P,Manchester U,1,1,https://www.rsssf.org/tablese/eng2023.html,2,0,Seri
2022/23,7,Jan 19,Manchester C,Tottenham,4,2,https://www.rsssf.org/tablese/eng2023.html,6,2,Kandang menang
2022/23,7,Mar 1,Arsenal,Everton,4,0,https://www.rsssf.org/tablese/eng2023.html,4,4,Kandang menang
2022/23,7,Mar 1,Liverpool,Wolverhampton,2,0,https://www.rsssf.org/tablese/eng2023.html,2,2,Kandang menang
2022/23,7,Mar 15,Southampton,Brentford,0,2,https://www.rsssf.org/tablese/eng2023.html,2,-2,Tandang menang
2022/23,7,Apr 4,Bournemouth,Brighton,0,2,https://www.rsssf.org/tablese/eng2023.html,2,-2,Tandang menang
2022/23,7,Apr 4,Leeds,Nottingham,2,1,https://www.rsssf.org/tablese/eng2023.html,3,1,Kandang menang
2022/23,7,Apr 4,Leicester,Aston Villa,1,2,https://www.rsssf.org/tablese/eng2023.html,3,-1,Tandang menang
2022/23,7,Apr 5,West Ham,Newcastle,1,5,https://www.rsssf.org/tablese/eng2023.html,6,-4,Tandang menang
2022/23,8,Sep 16,Aston Villa,Southampton,1,0,https://www.rsssf.org/tablese/eng2023.html,1,1,Kandang menang
2022/23,8,Sep 16,Nottingham,Fulham,2,3,https://www.rsssf.org/tablese/eng2023.html,5,-1,Tandang menang
2022/23,8,Sep 17,Wolverhampton,Manchester C,0,3,https://www.rsssf.org/tablese/eng2023.html,3,-3,Tandang menang
2022/23,8,Sep 17,Newcastle,Bournemouth,1,1,https://www.rsssf.org/tablese/eng2023.html,2,0,Seri
2022/23,8,Sep 17,Tottenham,Leicester,6,2,https://www.rsssf.org/tablese/eng2023.html,8,4,Kandang menang
2022/23,8,Sep 18,Brentford,Arsenal,0,3,https://www.rsssf.org/tablese/eng2023.html,3,-3,Tandang menang
2022/23,8,Sep 18,Everton,West Ham,1,0,https://www.rsssf.org/tablese/eng2023.html,1,1,Kandang menang
2022/23,8,Feb 8,Manchester U,Leeds,2,2,https://www.rsssf.org/tablese/eng2023.html,4,0,Seri
2022/23,8,Mar 15,Brighton,Crystal P,1,0,https://www.rsssf.org/tablese/eng2023.html,1,1,Kandang menang
2022/23,8,Apr 4,Chelsea,Liverpool,0,0,https://www.rsssf.org/tablese/eng2023.html,0,0,Seri
2022/23,9,Oct 1,Arsenal,Tottenham,3,1,https://www.rsssf.org/tablese/eng2023.html,4,2,Kandang menang
2022/23,9,Oct 1,Bournemouth,Brentford,0,0,https://www.rsssf.org/tablese/eng2023.html,0,0,Seri
2022/23,9,Oct 1,Crystal P,Chelsea,1,2,https://www.rsssf.org/tablese/eng2023.html,3,-1,Tandang menang
2022/23,9,Oct 1,Fulham,Newcastle,1,4,https://www.rsssf.org/tablese/eng2023.html,5,-3,Tandang menang
2022/23,9,Oct 1,Liverpool,Brighton,3,3,https://www.rsssf.org/tablese/eng2023.html,6,0,Seri
2022/23,9,Oct 1,Southampton,Everton,1,2,https://www.rsssf.org/tablese/eng2023.html,3,-1,Tandang menang
2022/23,9,Oct 1,West Ham,Wolverhampton,2,0,https://www.rsssf.org/tablese/eng2023.html,2,2,Kandang menang
2022/23,9,Oct 2,Manchester C,Manchester U,6,3,https://www.rsssf.org/tablese/eng2023.html,9,3,Kandang menang
2022/23,9,Oct 2,Leeds,Aston Villa,0,0,https://www.rsssf.org/tablese/eng2023.html,0,0,Seri
2022/23,9,Oct 3,Leicester,Nottingham,4,0,https://www.rsssf.org/tablese/eng2023.html,4,4,Kandang menang
2022/23,10,Oct 8,Bournemouth,Leicester,2,1,https://www.rsssf.org/tablese/eng2023.html,3,1,Kandang menang
2022/23,10,Oct 8,Chelsea,Wolverhampton,3,0,https://www.rsssf.org/tablese/eng2023.html,3,3,Kandang menang
2022/23,10,Oct 8,Manchester C,Southampton,4,0,https://www.rsssf.org/tablese/eng2023.html,4,4,Kandang menang
2022/23,10,Oct 8,Newcastle,Brentford,5,1,https://www.rsssf.org/tablese/eng2023.html,6,4,Kandang menang
2022/23,10,Oct 8,Brighton,Tottenham,0,1,https://www.rsssf.org/tablese/eng2023.html,1,-1,Tandang menang
2022/23,10,Oct 9,Crystal P,Leeds,2,1,https://www.rsssf.org/tablese/eng2023.html,3,1,Kandang menang
2022/23,10,Oct 9,West Ham,Fulham,3,1,https://www.rsssf.org/tablese/eng2023.html,4,2,Kandang menang
2022/23,10,Oct 9,Arsenal,Liverpool,3,2,https://www.rsssf.org/tablese/eng2023.html,5,1,Kandang menang
2022/23,10,Oct 9,Everton,Manchester U,1,2,https://www.rsssf.org/tablese/eng2023.html,3,-1,Tandang menang
2022/23,10,Oct 10,Nottingham,Aston Villa,1,1,https://www.rsssf.org/tablese/eng2023.html,2,0,Seri
2022/23,11,Oct 14,Brentford,Brighton,2,0,https://www.rsssf.org/tablese/eng2023.html,2,2,Kandang menang
2022/23,11,Oct 15,Leicester,Crystal P,0,0,https://www.rsssf.org/tablese/eng2023.html,0,0,Seri
2022/23,11,Oct 15,Fulham,Bournemouth,2,2,https://www.rsssf.org/tablese/eng2023.html,4,0,Seri
2022/23,11,Oct 15,Wolverhampton,Nottingham,1,0,https://www.rsssf.org/tablese/eng2023.html,1,1,Kandang menang
2022/23,11,Oct 15,Tottenham,Everton,2,0,https://www.rsssf.org/tablese/eng2023.html,2,2,Kandang menang
2022/23,11,Oct 16,Aston Villa,Chelsea,0,2,https://www.rsssf.org/tablese/eng2023.html,2,-2,Tandang menang
2022/23,11,Oct 16,Leeds,Arsenal,0,1,https://www.rsssf.org/tablese/eng2023.html,1,-1,Tandang menang
2022/23,11,Oct 16,Manchester U,Newcastle,0,0,https://www.rsssf.org/tablese/eng2023.html,0,0,Seri
2022/23,11,Oct 16,Southampton,West Ham,1,1,https://www.rsssf.org/tablese/eng2023.html,2,0,Seri
2022/23,11,Oct 16,Liverpool,Manchester C,1,0,https://www.rsssf.org/tablese/eng2023.html,1,1,Kandang menang
2022/23,12,Oct 18,Brighton,Nottingham,0,0,https://www.rsssf.org/tablese/eng2023.html,0,0,Seri
2022/23,12,Oct 18,Crystal P,Wolverhampton,2,1,https://www.rsssf.org/tablese/eng2023.html,3,1,Kandang menang
2022/23,12,Oct 19,Bournemouth,Southampton,0,1,https://www.rsssf.org/tablese/eng2023.html,1,-1,Tandang menang
2022/23,12,Oct 19,Brentford,Chelsea,0,0,https://www.rsssf.org/tablese/eng2023.html,0,0,Seri
2022/23,12,Oct 19,Liverpool,West Ham,1,0,https://www.rsssf.org/tablese/eng2023.html,1,1,Kandang menang
2022/23,12,Oct 19,Newcastle,Everton,1,0,https://www.rsssf.org/tablese/eng2023.html,1,1,Kandang menang
2022/23,12,Oct 19,Manchester U,Tottenham,2,0,https://www.rsssf.org/tablese/eng2023.html,2,2,Kandang menang
2022/23,12,Oct 20,Fulham,Aston Villa,3,0,https://www.rsssf.org/tablese/eng2023.html,3,3,Kandang menang
2022/23,12,Oct 20,Leicester,Leeds,2,0,https://www.rsssf.org/tablese/eng2023.html,2,2,Kandang menang
2022/23,12,Feb 15,Arsenal,Manchester C,1,3,https://www.rsssf.org/tablese/eng2023.html,4,-2,Tandang menang
2022/23,13,Oct 22,Nottingham,Liverpool,1,0,https://www.rsssf.org/tablese/eng2023.html,1,1,Kandang menang
2022/23,13,Oct 22,Everton,Crystal P,3,0,https://www.rsssf.org/tablese/eng2023.html,3,3,Kandang menang
2022/23,13,Oct 22,Manchester C,Brighton,3,1,https://www.rsssf.org/tablese/eng2023.html,4,2,Kandang menang
2022/23,13,Oct 22,Chelsea,Manchester U,1,1,https://www.rsssf.org/tablese/eng2023.html,2,0,Seri
2022/23,13,Oct 23,Aston Villa,Brentford,4,0,https://www.rsssf.org/tablese/eng2023.html,4,4,Kandang menang
2022/23,13,Oct 23,Leeds,Fulham,2,3,https://www.rsssf.org/tablese/eng2023.html,5,-1,Tandang menang
2022/23,13,Oct 23,Southampton,Arsenal,1,1,https://www.rsssf.org/tablese/eng2023.html,2,0,Seri
2022/23,13,Oct 23,Wolverhampton,Leicester,0,4,https://www.rsssf.org/tablese/eng2023.html,4,-4,Tandang menang
2022/23,13,Oct 23,Tottenham,Newcastle,1,2,https://www.rsssf.org/tablese/eng2023.html,3,-1,Tandang menang
2022/23,13,Oct 24,West Ham,Bournemouth,2,0,https://www.rsssf.org/tablese/eng2023.html,2,2,Kandang menang
2022/23,14,Oct 29,Leicester,Manchester C,0,1,https://www.rsssf.org/tablese/eng2023.html,1,-1,Tandang menang
2022/23,14,Oct 29,Bournemouth,Tottenham,2,3,https://www.rsssf.org/tablese/eng2023.html,5,-1,Tandang menang
2022/23,14,Oct 29,Brentford,Wolverhampton,1,1,https://www.rsssf.org/tablese/eng2023.html,2,0,Seri
2022/23,14,Oct 29,Brighton,Chelsea,4,1,https://www.rsssf.org/tablese/eng2023.html,5,3,Kandang menang
2022/23,14,Oct 29,Crystal P,Southampton,1,0,https://www.rsssf.org/tablese/eng2023.html,1,1,Kandang menang
2022/23,14,Oct 29,Newcastle,Aston Villa,4,0,https://www.rsssf.org/tablese/eng2023.html,4,4,Kandang menang
2022/23,14,Oct 29,Fulham,Everton,0,0,https://www.rsssf.org/tablese/eng2023.html,0,0,Seri
2022/23,14,Oct 29,Liverpool,Leeds,1,2,https://www.rsssf.org/tablese/eng2023.html,3,-1,Tandang menang
2022/23,14,Oct 30,Arsenal,Nottingham,5,0,https://www.rsssf.org/tablese/eng2023.html,5,5,Kandang menang
2022/23,14,Oct 30,Manchester U,West Ham,1,0,https://www.rsssf.org/tablese/eng2023.html,1,1,Kandang menang
2022/23,15,Nov 5,Leeds,Bournemouth,4,3,https://www.rsssf.org/tablese/eng2023.html,7,1,Kandang menang
2022/23,15,Nov 5,Manchester C,Fulham,2,1,https://www.rsssf.org/tablese/eng2023.html,3,1,Kandang menang
2022/23,15,Nov 5,Nottingham,Brentford,2,2,https://www.rsssf.org/tablese/eng2023.html,4,0,Seri
2022/23,15,Nov 5,Wolverhampton,Brighton,2,3,https://www.rsssf.org/tablese/eng2023.html,5,-1,Tandang menang
2022/23,15,Nov 5,Everton,Leicester,0,2,https://www.rsssf.org/tablese/eng2023.html,2,-2,Tandang menang
2022/23,15,Nov 6,Chelsea,Arsenal,0,1,https://www.rsssf.org/tablese/eng2023.html,1,-1,Tandang menang
2022/23,15,Nov 6,Aston Villa,Manchester U,3,1,https://www.rsssf.org/tablese/eng2023.html,4,2,Kandang menang
2022/23,15,Nov 6,Southampton,Newcastle,1,4,https://www.rsssf.org/tablese/eng2023.html,5,-3,Tandang menang
2022/23,15,Nov 6,West Ham,Crystal P,1,2,https://www.rsssf.org/tablese/eng2023.html,3,-1,Tandang menang
2022/23,15,Nov 6,Tottenham,Liverpool,1,2,https://www.rsssf.org/tablese/eng2023.html,3,-1,Tandang menang
2022/23,16,Nov 12,Manchester C,Brentford,1,2,https://www.rsssf.org/tablese/eng2023.html,3,-1,Tandang menang
2022/23,16,Nov 12,Bournemouth,Everton,3,0,https://www.rsssf.org/tablese/eng2023.html,3,3,Kandang menang
2022/23,16,Nov 12,Liverpool,Southampton,3,1,https://www.rsssf.org/tablese/eng2023.html,4,2,Kandang menang
2022/23,16,Nov 12,Nottingham,Crystal P,1,0,https://www.rsssf.org/tablese/eng2023.html,1,1,Kandang menang
2022/23,16,Nov 12,Tottenham,Leeds,4,3,https://www.rsssf.org/tablese/eng2023.html,7,1,Kandang menang
2022/23,16,Nov 12,West Ham,Leicester,0,2,https://www.rsssf.org/tablese/eng2023.html,2,-2,Tandang menang
2022/23,16,Nov 12,Newcastle,Chelsea,1,0,https://www.rsssf.org/tablese/eng2023.html,1,1,Kandang menang
2022/23,16,Nov 12,Wolverhampton,Arsenal,0,2,https://www.rsssf.org/tablese/eng2023.html,2,-2,Tandang menang
2022/23,16,Nov 13,Brighton,Aston Villa,1,2,https://www.rsssf.org/tablese/eng2023.html,3,-1,Tandang menang
2022/23,16,Nov 13,Fulham,Manchester U,1,2,https://www.rsssf.org/tablese/eng2023.html,3,-1,Tandang menang
2022/23,17,Dec 26,Brentford,Tottenham,2,2,https://www.rsssf.org/tablese/eng2023.html,4,0,Seri
2022/23,17,Dec 26,Crystal P,Fulham,0,3,https://www.rsssf.org/tablese/eng2023.html,3,-3,Tandang menang
2022/23,17,Dec 26,Everton,Wolverhampton,1,2,https://www.rsssf.org/tablese/eng2023.html,3,-1,Tandang menang
2022/23,17,Dec 26,Leicester,Newcastle,0,3,https://www.rsssf.org/tablese/eng2023.html,3,-3,Tandang menang
2022/23,17,Dec 26,Southampton,Brighton,1,3,https://www.rsssf.org/tablese/eng2023.html,4,-2,Tandang menang
2022/23,17,Dec 26,Aston Villa,Liverpool,1,3,https://www.rsssf.org/tablese/eng2023.html,4,-2,Tandang menang
2022/23,17,Dec 26,Arsenal,West Ham,3,1,https://www.rsssf.org/tablese/eng2023.html,4,2,Kandang menang
2022/23,17,Dec 27,Chelsea,Bournemouth,2,0,https://www.rsssf.org/tablese/eng2023.html,2,2,Kandang menang
2022/23,17,Dec 27,Manchester U,Nottingham,3,0,https://www.rsssf.org/tablese/eng2023.html,3,3,Kandang menang
2022/23,17,Dec 28,Leeds,Manchester C,1,3,https://www.rsssf.org/tablese/eng2023.html,4,-2,Tandang menang
2022/23,18,Dec 30,West Ham,Brentford,0,2,https://www.rsssf.org/tablese/eng2023.html,2,-2,Tandang menang
2022/23,18,Dec 30,Liverpool,Leicester,2,1,https://www.rsssf.org/tablese/eng2023.html,3,1,Kandang menang
2022/23,18,Dec 31,Wolverhampton,Manchester U,0,1,https://www.rsssf.org/tablese/eng2023.html,1,-1,Tandang menang
2022/23,18,Dec 31,Bournemouth,Crystal P,0,2,https://www.rsssf.org/tablese/eng2023.html,2,-2,Tandang menang
2022/23,18,Dec 31,Fulham,Southampton,2,1,https://www.rsssf.org/tablese/eng2023.html,3,1,Kandang menang
2022/23,18,Dec 31,Manchester C,Everton,1,1,https://www.rsssf.org/tablese/eng2023.html,2,0,Seri
2022/23,18,Dec 31,Newcastle,Leeds,0,0,https://www.rsssf.org/tablese/eng2023.html,0,0,Seri
2022/23,18,Dec 31,Brighton,Arsenal,2,4,https://www.rsssf.org/tablese/eng2023.html,6,-2,Tandang menang
2022/23,18,Jan 1,Tottenham,Aston Villa,0,2,https://www.rsssf.org/tablese/eng2023.html,2,-2,Tandang menang
2022/23,18,Jan 1,Nottingham,Chelsea,1,1,https://www.rsssf.org/tablese/eng2023.html,2,0,Seri
2022/23,19,Jan 2,Brentford,Liverpool,3,1,https://www.rsssf.org/tablese/eng2023.html,4,2,Kandang menang
2022/23,19,Jan 3,Arsenal,Newcastle,0,0,https://www.rsssf.org/tablese/eng2023.html,0,0,Seri
2022/23,19,Jan 3,Everton,Brighton,1,4,https://www.rsssf.org/tablese/eng2023.html,5,-3,Tandang menang
2022/23,19,Jan 3,Leicester,Fulham,0,1,https://www.rsssf.org/tablese/eng2023.html,1,-1,Tandang menang
2022/23,19,Jan 3,Manchester U,Bournemouth,3,0,https://www.rsssf.org/tablese/eng2023.html,3,3,Kandang menang
2022/23,19,Jan 4,Southampton,Nottingham,0,1,https://www.rsssf.org/tablese/eng2023.html,1,-1,Tandang menang
2022/23,19,Jan 4,Leeds,West Ham,2,2,https://www.rsssf.org/tablese/eng2023.html,4,0,Seri
2022/23,19,Jan 4,Aston Villa,Wolverhampton,1,1,https://www.rsssf.org/tablese/eng2023.html,2,0,Seri
2022/23,19,Jan 4,Crystal P,Tottenham,0,4,https://www.rsssf.org/tablese/eng2023.html,4,-4,Tandang menang
2022/23,19,Jan 5,Chelsea,Manchester C,0,1,https://www.rsssf.org/tablese/eng2023.html,1,-1,Tandang menang
2022/23,20,Jan 13,Aston Villa,Leeds,2,1,https://www.rsssf.org/tablese/eng2023.html,3,1,Kandang menang
2022/23,20,Jan 14,Manchester U,Manchester C,2,1,https://www.rsssf.org/tablese/eng2023.html,3,1,Kandang menang
2022/23,20,Jan 14,Brighton,Liverpool,3,0,https://www.rsssf.org/tablese/eng2023.html,3,3,Kandang menang
2022/23,20,Jan 14,Everton,Southampton,1,2,https://www.rsssf.org/tablese/eng2023.html,3,-1,Tandang menang
2022/23,20,Jan 14,Nottingham,Leicester,2,0,https://www.rsssf.org/tablese/eng2023.html,2,2,Kandang menang
2022/23,20,Jan 14,Wolverhampton,West Ham,1,0,https://www.rsssf.org/tablese/eng2023.html,1,1,Kandang menang
2022/23,20,Jan 14,Brentford,Bournemouth,2,0,https://www.rsssf.org/tablese/eng2023.html,2,2,Kandang menang
2022/23,20,Jan 15,Chelsea,Crystal P,1,0,https://www.rsssf.org/tablese/eng2023.html,1,1,Kandang menang
2022/23,20,Jan 15,Newcastle,Fulham,1,0,https://www.rsssf.org/tablese/eng2023.html,1,1,Kandang menang
2022/23,20,Jan 15,Tottenham,Arsenal,0,2,https://www.rsssf.org/tablese/eng2023.html,2,-2,Tandang menang
2022/23,21,Jan 21,Liverpool,Chelsea,0,0,https://www.rsssf.org/tablese/eng2023.html,0,0,Seri
2022/23,21,Jan 21,Bournemouth,Nottingham,1,1,https://www.rsssf.org/tablese/eng2023.html,2,0,Seri
2022/23,21,Jan 21,Leicester,Brighton,2,2,https://www.rsssf.org/tablese/eng2023.html,4,0,Seri
2022/23,21,Jan 21,Southampton,Aston Villa,0,1,https://www.rsssf.org/tablese/eng2023.html,1,-1,Tandang menang
2022/23,21,Jan 21,West Ham,Everton,2,0,https://www.rsssf.org/tablese/eng2023.html,2,2,Kandang menang
2022/23,21,Jan 21,Crystal P,Newcastle,0,0,https://www.rsssf.org/tablese/eng2023.html,0,0,Seri
2022/23,21,Jan 22,Leeds,Brentford,0,0,https://www.rsssf.org/tablese/eng2023.html,0,0,Seri
2022/23,21,Jan 22,Manchester C,Wolverhampton,3,0,https://www.rsssf.org/tablese/eng2023.html,3,3,Kandang menang
2022/23,21,Jan 22,Arsenal,Manchester U,3,2,https://www.rsssf.org/tablese/eng2023.html,5,1,Kandang menang
2022/23,21,Jan 23,Fulham,Tottenham,0,1,https://www.rsssf.org/tablese/eng2023.html,1,-1,Tandang menang
2022/23,22,Feb 3,Chelsea,Fulham,0,0,https://www.rsssf.org/tablese/eng2023.html,0,0,Seri
2022/23,22,Feb 4,Everton,Arsenal,1,0,https://www.rsssf.org/tablese/eng2023.html,1,1,Kandang menang
2022/23,22,Feb 4,Aston Villa,Leicester,2,4,https://www.rsssf.org/tablese/eng2023.html,6,-2,Tandang menang
2022/23,22,Feb 4,Brentford,Southampton,3,0,https://www.rsssf.org/tablese/eng2023.html,3,3,Kandang menang
2022/23,22,Feb 4,Brighton,Bournemouth,1,0,https://www.rsssf.org/tablese/eng2023.html,1,1,Kandang menang
2022/23,22,Feb 4,Manchester U,Crystal P,2,1,https://www.rsssf.org/tablese/eng2023.html,3,1,Kandang menang
2022/23,22,Feb 4,Wolverhampton,Liverpool,3,0,https://www.rsssf.org/tablese/eng2023.html,3,3,Kandang menang
2022/23,22,Feb 4,Newcastle,West Ham,1,1,https://www.rsssf.org/tablese/eng2023.html,2,0,Seri
2022/23,22,Feb 5,Nottingham,Leeds,1,0,https://www.rsssf.org/tablese/eng2023.html,1,1,Kandang menang
2022/23,22,Feb 5,Tottenham,Manchester C,1,0,https://www.rsssf.org/tablese/eng2023.html,1,1,Kandang menang
2022/23,23,Feb 11,West Ham,Chelsea,1,1,https://www.rsssf.org/tablese/eng2023.html,2,0,Seri
2022/23,23,Feb 11,Arsenal,Brentford,1,1,https://www.rsssf.org/tablese/eng2023.html,2,0,Seri
2022/23,23,Feb 11,Crystal P,Brighton,1,1,https://www.rsssf.org/tablese/eng2023.html,2,0,Seri
2022/23,23,Feb 11,Fulham,Nottingham,2,0,https://www.rsssf.org/tablese/eng2023.html,2,2,Kandang menang
2022/23,23,Feb 11,Leicester,Tottenham,4,1,https://www.rsssf.org/tablese/eng2023.html,5,3,Kandang menang
2022/23,23,Feb 11,Southampton,Wolverhampton,1,2,https://www.rsssf.org/tablese/eng2023.html,3,-1,Tandang menang
2022/23,23,Feb 11,Bournemouth,Newcastle,1,1,https://www.rsssf.org/tablese/eng2023.html,2,0,Seri
2022/23,23,Feb 12,Leeds,Manchester U,0,2,https://www.rsssf.org/tablese/eng2023.html,2,-2,Tandang menang
2022/23,23,Feb 12,Manchester C,Aston Villa,3,1,https://www.rsssf.org/tablese/eng2023.html,4,2,Kandang menang
2022/23,23,Feb 13,Liverpool,Everton,2,0,https://www.rsssf.org/tablese/eng2023.html,2,2,Kandang menang
2022/23,24,Feb 18,Aston Villa,Arsenal,2,4,https://www.rsssf.org/tablese/eng2023.html,6,-2,Tandang menang
2022/23,24,Feb 18,Brentford,Crystal P,1,1,https://www.rsssf.org/tablese/eng2023.html,2,0,Seri
2022/23,24,Feb 18,Brighton,Fulham,0,1,https://www.rsssf.org/tablese/eng2023.html,1,-1,Tandang menang
2022/23,24,Feb 18,Chelsea,Southampton,0,1,https://www.rsssf.org/tablese/eng2023.html,1,-1,Tandang menang
2022/23,24,Feb 18,Everton,Leeds,1,0,https://www.rsssf.org/tablese/eng2023.html,1,1,Kandang menang
2022/23,24,Feb 18,Nottingham,Manchester C,1,1,https://www.rsssf.org/tablese/eng2023.html,2,0,Seri
2022/23,24,Feb 18,Wolverhampton,Bournemouth,0,1,https://www.rsssf.org/tablese/eng2023.html,1,-1,Tandang menang
2022/23,24,Feb 18,Newcastle,Liverpool,0,2,https://www.rsssf.org/tablese/eng2023.html,2,-2,Tandang menang
2022/23,24,Feb 19,Manchester U,Leicester,3,0,https://www.rsssf.org/tablese/eng2023.html,3,3,Kandang menang
2022/23,24,Feb 19,Tottenham,West Ham,2,0,https://www.rsssf.org/tablese/eng2023.html,2,2,Kandang menang
2022/23,25,Feb 24,Fulham,Wolverhampton,1,1,https://www.rsssf.org/tablese/eng2023.html,2,0,Seri
2022/23,25,Feb 25,Everton,Aston Villa,0,2,https://www.rsssf.org/tablese/eng2023.html,2,-2,Tandang menang
2022/23,25,Feb 25,Leeds,Southampton,1,0,https://www.rsssf.org/tablese/eng2023.html,1,1,Kandang menang
2022/23,25,Feb 25,Leicester,Arsenal,0,1,https://www.rsssf.org/tablese/eng2023.html,1,-1,Tandang menang
2022/23,25,Feb 25,West Ham,Nottingham,4,0,https://www.rsssf.org/tablese/eng2023.html,4,4,Kandang menang
2022/23,25,Feb 25,Bournemouth,Manchester C,1,4,https://www.rsssf.org/tablese/eng2023.html,5,-3,Tandang menang
2022/23,25,Feb 25,Crystal P,Liverpool,0,0,https://www.rsssf.org/tablese/eng2023.html,0,0,Seri
2022/23,25,Feb 26,Tottenham,Chelsea,2,0,https://www.rsssf.org/tablese/eng2023.html,2,2,Kandang menang
2022/23,25,Apr 5,Manchester U,Brentford,1,0,https://www.rsssf.org/tablese/eng2023.html,1,1,Kandang menang
2022/23,25,May 18,Newcastle,Brighton,4,1,https://www.rsssf.org/tablese/eng2023.html,5,3,Kandang menang
2022/23,26,Mar 4,Manchester C,Newcastle,2,0,https://www.rsssf.org/tablese/eng2023.html,2,2,Kandang menang
2022/23,26,Mar 4,Arsenal,Bournemouth,3,2,https://www.rsssf.org/tablese/eng2023.html,5,1,Kandang menang
2022/23,26,Mar 4,Aston Villa,Crystal P,1,0,https://www.rsssf.org/tablese/eng2023.html,1,1,Kandang menang
2022/23,26,Mar 4,Brighton,West Ham,4,0,https://www.rsssf.org/tablese/eng2023.html,4,4,Kandang menang
2022/23,26,Mar 4,Chelsea,Leeds,1,0,https://www.rsssf.org/tablese/eng2023.html,1,1,Kandang menang
2022/23,26,Mar 4,Wolverhampton,Tottenham,1,0,https://www.rsssf.org/tablese/eng2023.html,1,1,Kandang menang
2022/23,26,Mar 4,Southampton,Leicester,1,0,https://www.rsssf.org/tablese/eng2023.html,1,1,Kandang menang
2022/23,26,Mar 5,Nottingham,Everton,2,2,https://www.rsssf.org/tablese/eng2023.html,4,0,Seri
2022/23,26,Mar 5,Liverpool,Manchester U,7,0,https://www.rsssf.org/tablese/eng2023.html,7,7,Kandang menang
2022/23,26,Mar 6,Brentford,Fulham,3,2,https://www.rsssf.org/tablese/eng2023.html,5,1,Kandang menang
2022/23,27,Mar 11,Bournemouth,Liverpool,1,0,https://www.rsssf.org/tablese/eng2023.html,1,1,Kandang menang
2022/23,27,Mar 11,Everton,Brentford,1,0,https://www.rsssf.org/tablese/eng2023.html,1,1,Kandang menang
2022/23,27,Mar 11,Leeds,Brighton,2,2,https://www.rsssf.org/tablese/eng2023.html,4,0,Seri
2022/23,27,Mar 11,Leicester,Chelsea,1,3,https://www.rsssf.org/tablese/eng2023.html,4,-2,Tandang menang
2022/23,27,Mar 11,Tottenham,Nottingham,3,1,https://www.rsssf.org/tablese/eng2023.html,4,2,Kandang menang
2022/23,27,Mar 11,Crystal P,Manchester C,0,1,https://www.rsssf.org/tablese/eng2023.html,1,-1,Tandang menang
2022/23,27,Mar 12,Fulham,Arsenal,0,3,https://www.rsssf.org/tablese/eng2023.html,3,-3,Tandang menang
2022/23,27,Mar 12,Manchester U,Southampton,0,0,https://www.rsssf.org/tablese/eng2023.html,0,0,Seri
2022/23,27,Mar 12,West Ham,Aston Villa,1,1,https://www.rsssf.org/tablese/eng2023.html,2,0,Seri
2022/23,27,Mar 12,Newcastle,Wolverhampton,2,1,https://www.rsssf.org/tablese/eng2023.html,3,1,Kandang menang
2022/23,28,Mar 17,Nottingham,Newcastle,1,2,https://www.rsssf.org/tablese/eng2023.html,3,-1,Tandang menang
2022/23,28,Mar 18,Aston Villa,Bournemouth,3,0,https://www.rsssf.org/tablese/eng2023.html,3,3,Kandang menang
2022/23,28,Mar 18,Brentford,Leicester,1,1,https://www.rsssf.org/tablese/eng2023.html,2,0,Seri
2022/23,28,Mar 18,Southampton,Tottenham,3,3,https://www.rsssf.org/tablese/eng2023.html,6,0,Seri
2022/23,28,Mar 18,Wolverhampton,Leeds,2,4,https://www.rsssf.org/tablese/eng2023.html,6,-2,Tandang menang
2022/23,28,Mar 18,Chelsea,Everton,2,2,https://www.rsssf.org/tablese/eng2023.html,4,0,Seri
2022/23,28,Mar 19,Arsenal,Crystal P,4,1,https://www.rsssf.org/tablese/eng2023.html,5,3,Kandang menang
2022/23,28,May 3,Liverpool,Fulham,1,0,https://www.rsssf.org/tablese/eng2023.html,1,1,Kandang menang
2022/23,28,May 3,Manchester C,West Ham,3,0,https://www.rsssf.org/tablese/eng2023.html,3,3,Kandang menang
2022/23,28,May 4,Brighton,Manchester U,1,0,https://www.rsssf.org/tablese/eng2023.html,1,1,Kandang menang
2022/23,29,Apr 1,Manchester C,Liverpool,4,1,https://www.rsssf.org/tablese/eng2023.html,5,3,Kandang menang
2022/23,29,Apr 1,Arsenal,Leeds,4,1,https://www.rsssf.org/tablese/eng2023.html,5,3,Kandang menang
2022/23,29,Apr 1,Bournemouth,Fulham,2,1,https://www.rsssf.org/tablese/eng2023.html,3,1,Kandang menang
2022/23,29,Apr 1,Brighton,Brentford,3,3,https://www.rsssf.org/tablese/eng2023.html,6,0,Seri
2022/23,29,Apr 1,Crystal P,Leicester,2,1,https://www.rsssf.org/tablese/eng2023.html,3,1,Kandang menang
2022/23,29,Apr 1,Nottingham,Wolverhampton,1,1,https://www.rsssf.org/tablese/eng2023.html,2,0,Seri
2022/23,29,Apr 1,Chelsea,Aston Villa,0,2,https://www.rsssf.org/tablese/eng2023.html,2,-2,Tandang menang
2022/23,29,Apr 2,West Ham,Southampton,1,0,https://www.rsssf.org/tablese/eng2023.html,1,1,Kandang menang
2022/23,29,Apr 2,Newcastle,Manchester U,2,0,https://www.rsssf.org/tablese/eng2023.html,2,2,Kandang menang
2022/23,29,Apr 3,Everton,Tottenham,1,1,https://www.rsssf.org/tablese/eng2023.html,2,0,Seri
2022/23,30,Apr 8,Manchester U,Everton,2,0,https://www.rsssf.org/tablese/eng2023.html,2,2,Kandang menang
2022/23,30,Apr 8,Aston Villa,Nottingham,2,0,https://www.rsssf.org/tablese/eng2023.html,2,2,Kandang menang
2022/23,30,Apr 8,Brentford,Newcastle,1,2,https://www.rsssf.org/tablese/eng2023.html,3,-1,Tandang menang
2022/23,30,Apr 8,Fulham,West Ham,0,1,https://www.rsssf.org/tablese/eng2023.html,1,-1,Tandang menang
2022/23,30,Apr 8,Leicester,Bournemouth,0,1,https://www.rsssf.org/tablese/eng2023.html,1,-1,Tandang menang
2022/23,30,Apr 8,Tottenham,Brighton,2,1,https://www.rsssf.org/tablese/eng2023.html,3,1,Kandang menang
2022/23,30,Apr 8,Wolverhampton,Chelsea,1,0,https://www.rsssf.org/tablese/eng2023.html,1,1,Kandang menang
2022/23,30,Apr 8,Southampton,Manchester C,1,4,https://www.rsssf.org/tablese/eng2023.html,5,-3,Tandang menang
2022/23,30,Apr 9,Leeds,Crystal P,1,5,https://www.rsssf.org/tablese/eng2023.html,6,-4,Tandang menang
2022/23,30,Apr 9,Liverpool,Arsenal,2,2,https://www.rsssf.org/tablese/eng2023.html,4,0,Seri
2022/23,31,Apr 15,Aston Villa,Newcastle,3,0,https://www.rsssf.org/tablese/eng2023.html,3,3,Kandang menang
2022/23,31,Apr 15,Chelsea,Brighton,1,2,https://www.rsssf.org/tablese/eng2023.html,3,-1,Tandang menang
2022/23,31,Apr 15,Everton,Fulham,1,3,https://www.rsssf.org/tablese/eng2023.html,4,-2,Tandang menang
2022/23,31,Apr 15,Southampton,Crystal P,0,2,https://www.rsssf.org/tablese/eng2023.html,2,-2,Tandang menang
2022/23,31,Apr 15,Wolverhampton,Brentford,2,0,https://www.rsssf.org/tablese/eng2023.html,2,2,Kandang menang
2022/23,31,Apr 15,Tottenham,Bournemouth,2,3,https://www.rsssf.org/tablese/eng2023.html,5,-1,Tandang menang
2022/23,31,Apr 15,Manchester C,Leicester,3,1,https://www.rsssf.org/tablese/eng2023.html,4,2,Kandang menang
2022/23,31,Apr 16,West Ham,Arsenal,2,2,https://www.rsssf.org/tablese/eng2023.html,4,0,Seri
2022/23,31,Apr 16,Nottingham,Manchester U,0,2,https://www.rsssf.org/tablese/eng2023.html,2,-2,Tandang menang
2022/23,31,Apr 17,Leeds,Liverpool,1,6,https://www.rsssf.org/tablese/eng2023.html,7,-5,Tandang menang
2022/23,32,Apr 21,Arsenal,Southampton,3,3,https://www.rsssf.org/tablese/eng2023.html,6,0,Seri
2022/23,32,Apr 22,Fulham,Leeds,2,1,https://www.rsssf.org/tablese/eng2023.html,3,1,Kandang menang
2022/23,32,Apr 22,Brentford,Aston Villa,1,1,https://www.rsssf.org/tablese/eng2023.html,2,0,Seri
2022/23,32,Apr 22,Crystal P,Everton,0,0,https://www.rsssf.org/tablese/eng2023.html,0,0,Seri
2022/23,32,Apr 22,Leicester,Wolverhampton,2,1,https://www.rsssf.org/tablese/eng2023.html,3,1,Kandang menang
2022/23,32,Apr 22,Liverpool,Nottingham,3,2,https://www.rsssf.org/tablese/eng2023.html,5,1,Kandang menang
2022/23,32,Apr 23,Bournemouth,West Ham,0,4,https://www.rsssf.org/tablese/eng2023.html,4,-4,Tandang menang
2022/23,32,Apr 23,Newcastle,Tottenham,6,1,https://www.rsssf.org/tablese/eng2023.html,7,5,Kandang menang
2022/23,32,May 24,Brighton,Manchester C,1,1,https://www.rsssf.org/tablese/eng2023.html,2,0,Seri
2022/23,32,May 25,Manchester U,Chelsea,4,1,https://www.rsssf.org/tablese/eng2023.html,5,3,Kandang menang
2022/23,33,Apr 25,Wolverhampton,Crystal P,2,0,https://www.rsssf.org/tablese/eng2023.html,2,2,Kandang menang
2022/23,33,Apr 25,Aston Villa,Fulham,1,0,https://www.rsssf.org/tablese/eng2023.html,1,1,Kandang menang
2022/23,33,Apr 25,Leeds,Leicester,1,1,https://www.rsssf.org/tablese/eng2023.html,2,0,Seri
2022/23,33,Apr 26,Nottingham,Brighton,3,1,https://www.rsssf.org/tablese/eng2023.html,4,2,Kandang menang
2022/23,33,Apr 26,Chelsea,Brentford,0,2,https://www.rsssf.org/tablese/eng2023.html,2,-2,Tandang menang
2022/23,33,Apr 26,West Ham,Liverpool,1,2,https://www.rsssf.org/tablese/eng2023.html,3,-1,Tandang menang
2022/23,33,Apr 26,Manchester C,Arsenal,4,1,https://www.rsssf.org/tablese/eng2023.html,5,3,Kandang menang
2022/23,33,Apr 27,Everton,Newcastle,1,4,https://www.rsssf.org/tablese/eng2023.html,5,-3,Tandang menang
2022/23,33,Apr 27,Southampton,Bournemouth,0,1,https://www.rsssf.org/tablese/eng2023.html,1,-1,Tandang menang
2022/23,33,Apr 27,Tottenham,Manchester U,2,2,https://www.rsssf.org/tablese/eng2023.html,4,0,Seri
2022/23,34,Apr 29,Crystal P,West Ham,4,3,https://www.rsssf.org/tablese/eng2023.html,7,1,Kandang menang
2022/23,34,Apr 29,Brentford,Nottingham,2,1,https://www.rsssf.org/tablese/eng2023.html,3,1,Kandang menang
2022/23,34,Apr 29,Brighton,Wolverhampton,6,0,https://www.rsssf.org/tablese/eng2023.html,6,6,Kandang menang
2022/23,34,Apr 30,Bournemouth,Leeds,4,1,https://www.rsssf.org/tablese/eng2023.html,5,3,Kandang menang
2022/23,34,Apr 30,Fulham,Manchester C,1,2,https://www.rsssf.org/tablese/eng2023.html,3,-1,Tandang menang
2022/23,34,Apr 30,Manchester U,Aston Villa,1,0,https://www.rsssf.org/tablese/eng2023.html,1,1,Kandang menang
2022/23,34,Apr 30,Newcastle,Southampton,3,1,https://www.rsssf.org/tablese/eng2023.html,4,2,Kandang menang
2022/23,34,Apr 30,Liverpool,Tottenham,4,3,https://www.rsssf.org/tablese/eng2023.html,7,1,Kandang menang
2022/23,34,May 1,Leicester,Everton,2,2,https://www.rsssf.org/tablese/eng2023.html,4,0,Seri
2022/23,34,May 2,Arsenal,Chelsea,3,1,https://www.rsssf.org/tablese/eng2023.html,4,2,Kandang menang
2022/23,35,May 6,Bournemouth,Chelsea,1,3,https://www.rsssf.org/tablese/eng2023.html,4,-2,Tandang menang
2022/23,35,May 6,Manchester C,Leeds,2,1,https://www.rsssf.org/tablese/eng2023.html,3,1,Kandang menang
2022/23,35,May 6,Tottenham,Crystal P,1,0,https://www.rsssf.org/tablese/eng2023.html,1,1,Kandang menang
2022/23,35,May 6,Wolverhampton,Aston Villa,1,0,https://www.rsssf.org/tablese/eng2023.html,1,1,Kandang menang
2022/23,35,May 6,Liverpool,Brentford,1,0,https://www.rsssf.org/tablese/eng2023.html,1,1,Kandang menang
2022/23,35,May 7,Newcastle,Arsenal,0,2,https://www.rsssf.org/tablese/eng2023.html,2,-2,Tandang menang
2022/23,35,May 7,West Ham,Manchester U,1,0,https://www.rsssf.org/tablese/eng2023.html,1,1,Kandang menang
2022/23,35,May 8,Fulham,Leicester,5,3,https://www.rsssf.org/tablese/eng2023.html,8,2,Kandang menang
2022/23,35,May 8,Brighton,Everton,1,5,https://www.rsssf.org/tablese/eng2023.html,6,-4,Tandang menang
2022/23,35,May 8,Nottingham,Southampton,4,3,https://www.rsssf.org/tablese/eng2023.html,7,1,Kandang menang
2022/23,36,May 13,Leeds,Newcastle,2,2,https://www.rsssf.org/tablese/eng2023.html,4,0,Seri
2022/23,36,May 13,Aston Villa,Tottenham,2,1,https://www.rsssf.org/tablese/eng2023.html,3,1,Kandang menang
2022/23,36,May 13,Chelsea,Nottingham,2,2,https://www.rsssf.org/tablese/eng2023.html,4,0,Seri
2022/23,36,May 13,Crystal P,Bournemouth,2,0,https://www.rsssf.org/tablese/eng2023.html,2,2,Kandang menang
2022/23,36,May 13,Manchester U,Wolverhampton,2,0,https://www.rsssf.org/tablese/eng2023.html,2,2,Kandang menang
2022/23,36,May 13,Southampton,Fulham,0,2,https://www.rsssf.org/tablese/eng2023.html,2,-2,Tandang menang
2022/23,36,May 14,Brentford,West Ham,2,0,https://www.rsssf.org/tablese/eng2023.html,2,2,Kandang menang
2022/23,36,May 14,Everton,Manchester C,0,3,https://www.rsssf.org/tablese/eng2023.html,3,-3,Tandang menang
2022/23,36,May 14,Arsenal,Brighton,0,3,https://www.rsssf.org/tablese/eng2023.html,3,-3,Tandang menang
2022/23,36,May 15,Leicester,Liverpool,0,3,https://www.rsssf.org/tablese/eng2023.html,3,-3,Tandang menang
2022/23,37,May 20,Tottenham,Brentford,1,3,https://www.rsssf.org/tablese/eng2023.html,4,-2,Tandang menang
2022/23,37,May 20,Bournemouth,Manchester U,0,1,https://www.rsssf.org/tablese/eng2023.html,1,-1,Tandang menang
2022/23,37,May 20,Fulham,Crystal P,2,2,https://www.rsssf.org/tablese/eng2023.html,4,0,Seri
2022/23,37,May 20,Liverpool,Aston Villa,1,1,https://www.rsssf.org/tablese/eng2023.html,2,0,Seri
2022/23,37,May 20,Wolverhampton,Everton,1,1,https://www.rsssf.org/tablese/eng2023.html,2,0,Seri
2022/23,37,May 20,Nottingham,Arsenal,1,0,https://www.rsssf.org/tablese/eng2023.html,1,1,Kandang menang
2022/23,37,May 21,West Ham,Leeds,3,1,https://www.rsssf.org/tablese/eng2023.html,4,2,Kandang menang
2022/23,37,May 21,Brighton,Southampton,3,1,https://www.rsssf.org/tablese/eng2023.html,4,2,Kandang menang
2022/23,37,May 21,Manchester C,Chelsea,1,0,https://www.rsssf.org/tablese/eng2023.html,1,1,Kandang menang
2022/23,37,May 22,Newcastle,Leicester,0,0,https://www.rsssf.org/tablese/eng2023.html,0,0,Seri
2022/23,38,,Arsenal,Wolverhampton,5,0,https://www.rsssf.org/tablese/eng2023.html,5,5,Kandang menang
2022/23,38,,Aston Villa,Brighton,2,1,https://www.rsssf.org/tablese/eng2023.html,3,1,Kandang menang
2022/23,38,,Brentford,Manchester C,1,0,https://www.rsssf.org/tablese/eng2023.html,1,1,Kandang menang
2022/23,38,,Chelsea,Newcastle,1,1,https://www.rsssf.org/tablese/eng2023.html,2,0,Seri
2022/23,38,,Crystal P,Nottingham,1,1,https://www.rsssf.org/tablese/eng2023.html,2,0,Seri
2022/23,38,,Everton,Bournemouth,1,0,https://www.rsssf.org/tablese/eng2023.html,1,1,Kandang menang
2022/23,38,,Leeds,Tottenham,1,4,https://www.rsssf.org/tablese/eng2023.html,5,-3,Tandang menang
2022/23,38,,Leicester,West Ham,2,1,https://www.rsssf.org/tablese/eng2023.html,3,1,Kandang menang
2022/23,38,,Manchester U,Fulham,2,1,https://www.rsssf.org/tablese/eng2023.html,3,1,Kandang menang
2022/23,38,,Southampton,Liverpool,4,4,https://www.rsssf.org/tablese/eng2023.html,8,0,Seri
2023/24,1,Aug 11,Burnley,Manchester C,0,3,https://www.rsssf.org/tablese/eng2024.html,3,-3,Tandang menang
2023/24,1,Aug 12,Arsenal,Nottingham,2,1,https://www.rsssf.org/tablese/eng2024.html,3,1,Kandang menang
2023/24,1,Aug 12,Bournemouth,West Ham,1,1,https://www.rsssf.org/tablese/eng2024.html,2,0,Seri
2023/24,1,Aug 12,Brighton,Luton,4,1,https://www.rsssf.org/tablese/eng2024.html,5,3,Kandang menang
2023/24,1,Aug 12,Everton,Fulham,0,1,https://www.rsssf.org/tablese/eng2024.html,1,-1,Tandang menang
2023/24,1,Aug 12,Sheffield U,Crystal P,0,1,https://www.rsssf.org/tablese/eng2024.html,1,-1,Tandang menang
2023/24,1,Aug 12,Newcastle,Aston Villa,5,1,https://www.rsssf.org/tablese/eng2024.html,6,4,Kandang menang
2023/24,1,Aug 13,Brentford,Tottenham,2,2,https://www.rsssf.org/tablese/eng2024.html,4,0,Seri
2023/24,1,Aug 13,Chelsea,Liverpool,1,1,https://www.rsssf.org/tablese/eng2024.html,2,0,Seri
2023/24,1,Aug 14,Manchester U,Wolverhampton,1,0,https://www.rsssf.org/tablese/eng2024.html,1,1,Kandang menang
2023/24,2,Aug 18,Nottingham,Sheffield U,2,1,https://www.rsssf.org/tablese/eng2024.html,3,1,Kandang menang
2023/24,2,Aug 19,Fulham,Brentford,0,3,https://www.rsssf.org/tablese/eng2024.html,3,-3,Tandang menang
2023/24,2,Aug 19,Liverpool,Bournemouth,3,1,https://www.rsssf.org/tablese/eng2024.html,4,2,Kandang menang
2023/24,2,Aug 19,Wolverhampton,Brighton,1,4,https://www.rsssf.org/tablese/eng2024.html,5,-3,Tandang menang
2023/24,2,Aug 19,Tottenham,Manchester U,2,0,https://www.rsssf.org/tablese/eng2024.html,2,2,Kandang menang
2023/24,2,Aug 19,Manchester C,Newcastle,1,0,https://www.rsssf.org/tablese/eng2024.html,1,1,Kandang menang
2023/24,2,Aug 20,Aston Villa,Everton,4,0,https://www.rsssf.org/tablese/eng2024.html,4,4,Kandang menang
2023/24,2,Aug 20,West Ham,Chelsea,3,1,https://www.rsssf.org/tablese/eng2024.html,4,2,Kandang menang
2023/24,2,Aug 21,Crystal P,Arsenal,0,1,https://www.rsssf.org/tablese/eng2024.html,1,-1,Tandang menang
2023/24,2,Oct 3,Luton,Burnley,1,2,https://www.rsssf.org/tablese/eng2024.html,3,-1,Tandang menang
2023/24,3,Aug 25,Chelsea,Luton,3,0,https://www.rsssf.org/tablese/eng2024.html,3,3,Kandang menang
2023/24,3,Aug 26,Bournemouth,Tottenham,0,2,https://www.rsssf.org/tablese/eng2024.html,2,-2,Tandang menang
2023/24,3,Aug 26,Arsenal,Fulham,2,2,https://www.rsssf.org/tablese/eng2024.html,4,0,Seri
2023/24,3,Aug 26,Brentford,Crystal P,1,1,https://www.rsssf.org/tablese/eng2024.html,2,0,Seri
2023/24,3,Aug 26,Everton,Wolverhampton,0,1,https://www.rsssf.org/tablese/eng2024.html,1,-1,Tandang menang
2023/24,3,Aug 26,Manchester U,Nottingham,3,2,https://www.rsssf.org/tablese/eng2024.html,5,1,Kandang menang
2023/24,3,Aug 26,Brighton,West Ham,1,3,https://www.rsssf.org/tablese/eng2024.html,4,-2,Tandang menang
2023/24,3,Aug 27,Burnley,Aston Villa,1,3,https://www.rsssf.org/tablese/eng2024.html,4,-2,Tandang menang
2023/24,3,Aug 27,Sheffield U,Manchester C,1,2,https://www.rsssf.org/tablese/eng2024.html,3,-1,Tandang menang
2023/24,3,Aug 27,Newcastle,Liverpool,1,2,https://www.rsssf.org/tablese/eng2024.html,3,-1,Tandang menang
2023/24,4,Sep 1,Luton,West Ham,1,2,https://www.rsssf.org/tablese/eng2024.html,3,-1,Tandang menang
2023/24,4,Sep 2,Sheffield U,Everton,2,2,https://www.rsssf.org/tablese/eng2024.html,4,0,Seri
2023/24,4,Sep 2,Brentford,Bournemouth,2,2,https://www.rsssf.org/tablese/eng2024.html,4,0,Seri
2023/24,4,Sep 2,Burnley,Tottenham,2,5,https://www.rsssf.org/tablese/eng2024.html,7,-3,Tandang menang
2023/24,4,Sep 2,Chelsea,Nottingham,0,1,https://www.rsssf.org/tablese/eng2024.html,1,-1,Tandang menang
2023/24,4,Sep 2,Manchester C,Fulham,5,1,https://www.rsssf.org/tablese/eng2024.html,6,4,Kandang menang
2023/24,4,Sep 2,Brighton,Newcastle,3,1,https://www.rsssf.org/tablese/eng2024.html,4,2,Kandang menang
2023/24,4,Sep 3,Crystal P,Wolverhampton,3,2,https://www.rsssf.org/tablese/eng2024.html,5,1,Kandang menang
2023/24,4,Sep 3,Liverpool,Aston Villa,3,0,https://www.rsssf.org/tablese/eng2024.html,3,3,Kandang menang
2023/24,4,Sep 3,Arsenal,Manchester U,3,1,https://www.rsssf.org/tablese/eng2024.html,4,2,Kandang menang
2023/24,5,Sep 16,Wolverhampton,Liverpool,1,3,https://www.rsssf.org/tablese/eng2024.html,4,-2,Tandang menang
2023/24,5,Sep 16,Aston Villa,Crystal P,3,1,https://www.rsssf.org/tablese/eng2024.html,4,2,Kandang menang
2023/24,5,Sep 16,Fulham,Luton,1,0,https://www.rsssf.org/tablese/eng2024.html,1,1,Kandang menang
2023/24,5,Sep 16,Manchester U,Brighton,1,3,https://www.rsssf.org/tablese/eng2024.html,4,-2,Tandang menang
2023/24,5,Sep 16,Tottenham,Sheffield U,2,1,https://www.rsssf.org/tablese/eng2024.html,3,1,Kandang menang
2023/24,5,Sep 16,West Ham,Manchester C,1,3,https://www.rsssf.org/tablese/eng2024.html,4,-2,Tandang menang
2023/24,5,Sep 16,Newcastle,Brentford,1,0,https://www.rsssf.org/tablese/eng2024.html,1,1,Kandang menang
2023/24,5,Sep 17,Bournemouth,Chelsea,0,0,https://www.rsssf.org/tablese/eng2024.html,0,0,Seri
2023/24,5,Sep 17,Everton,Arsenal,0,1,https://www.rsssf.org/tablese/eng2024.html,1,-1,Tandang menang
2023/24,5,Sep 18,Nottingham,Burnley,1,1,https://www.rsssf.org/tablese/eng2024.html,2,0,Seri
2023/24,6,Sep 23,Crystal P,Fulham,0,0,https://www.rsssf.org/tablese/eng2024.html,0,0,Seri
2023/24,6,Sep 23,Luton,Wolverhampton,1,1,https://www.rsssf.org/tablese/eng2024.html,2,0,Seri
2023/24,6,Sep 23,Manchester C,Nottingham,2,0,https://www.rsssf.org/tablese/eng2024.html,2,2,Kandang menang
2023/24,6,Sep 23,Brentford,Everton,1,3,https://www.rsssf.org/tablese/eng2024.html,4,-2,Tandang menang
2023/24,6,Sep 23,Burnley,Manchester U,0,1,https://www.rsssf.org/tablese/eng2024.html,1,-1,Tandang menang
2023/24,6,Sep 24,Arsenal,Tottenham,2,2,https://www.rsssf.org/tablese/eng2024.html,4,0,Seri
2023/24,6,Sep 24,Brighton,Bournemouth,3,1,https://www.rsssf.org/tablese/eng2024.html,4,2,Kandang menang
2023/24,6,Sep 24,Chelsea,Aston Villa,0,1,https://www.rsssf.org/tablese/eng2024.html,1,-1,Tandang menang
2023/24,6,Sep 24,Liverpool,West Ham,3,1,https://www.rsssf.org/tablese/eng2024.html,4,2,Kandang menang
2023/24,6,Sep 24,Sheffield U,Newcastle,0,8,https://www.rsssf.org/tablese/eng2024.html,8,-8,Tandang menang
2023/24,7,Sep 30,Aston Villa,Brighton,6,1,https://www.rsssf.org/tablese/eng2024.html,7,5,Kandang menang
2023/24,7,Sep 30,Bournemouth,Arsenal,0,4,https://www.rsssf.org/tablese/eng2024.html,4,-4,Tandang menang
2023/24,7,Sep 30,Everton,Luton,1,2,https://www.rsssf.org/tablese/eng2024.html,3,-1,Tandang menang
2023/24,7,Sep 30,Manchester U,Crystal P,0,1,https://www.rsssf.org/tablese/eng2024.html,1,-1,Tandang menang
2023/24,7,Sep 30,Newcastle,Burnley,2,0,https://www.rsssf.org/tablese/eng2024.html,2,2,Kandang menang
2023/24,7,Sep 30,West Ham,Sheffield U,2,0,https://www.rsssf.org/tablese/eng2024.html,2,2,Kandang menang
2023/24,7,Sep 30,Wolverhampton,Manchester C,2,1,https://www.rsssf.org/tablese/eng2024.html,3,1,Kandang menang
2023/24,7,Sep 30,Tottenham,Liverpool,2,1,https://www.rsssf.org/tablese/eng2024.html,3,1,Kandang menang
2023/24,7,Oct 1,Nottingham,Brentford,1,1,https://www.rsssf.org/tablese/eng2024.html,2,0,Seri
2023/24,7,Oct 2,Fulham,Chelsea,0,2,https://www.rsssf.org/tablese/eng2024.html,2,-2,Tandang menang
2023/24,8,Oct 7,Luton,Tottenham,0,1,https://www.rsssf.org/tablese/eng2024.html,1,-1,Tandang menang
2023/24,8,Oct 7,Burnley,Chelsea,1,4,https://www.rsssf.org/tablese/eng2024.html,5,-3,Tandang menang
2023/24,8,Oct 7,Everton,Bournemouth,3,0,https://www.rsssf.org/tablese/eng2024.html,3,3,Kandang menang
2023/24,8,Oct 7,Fulham,Sheffield U,3,1,https://www.rsssf.org/tablese/eng2024.html,4,2,Kandang menang
2023/24,8,Oct 7,Manchester U,Brentford,2,1,https://www.rsssf.org/tablese/eng2024.html,3,1,Kandang menang
2023/24,8,Oct 7,Crystal P,Nottingham,0,0,https://www.rsssf.org/tablese/eng2024.html,0,0,Seri
2023/24,8,Oct 8,Brighton,Liverpool,2,2,https://www.rsssf.org/tablese/eng2024.html,4,0,Seri
2023/24,8,Oct 8,West Ham,Newcastle,2,2,https://www.rsssf.org/tablese/eng2024.html,4,0,Seri
2023/24,8,Oct 8,Wolverhampton,Aston Villa,1,1,https://www.rsssf.org/tablese/eng2024.html,2,0,Seri
2023/24,8,Oct 8,Arsenal,Manchester C,1,0,https://www.rsssf.org/tablese/eng2024.html,1,1,Kandang menang
2023/24,9,Oct 21,Liverpool,Everton,2,0,https://www.rsssf.org/tablese/eng2024.html,2,2,Kandang menang
2023/24,9,Oct 21,Bournemouth,Wolverhampton,1,2,https://www.rsssf.org/tablese/eng2024.html,3,-1,Tandang menang
2023/24,9,Oct 21,Brentford,Burnley,3,0,https://www.rsssf.org/tablese/eng2024.html,3,3,Kandang menang
2023/24,9,Oct 21,Manchester C,Brighton,2,1,https://www.rsssf.org/tablese/eng2024.html,3,1,Kandang menang
2023/24,9,Oct 21,Newcastle,Crystal P,4,0,https://www.rsssf.org/tablese/eng2024.html,4,4,Kandang menang
2023/24,9,Oct 21,Nottingham,Luton,2,2,https://www.rsssf.org/tablese/eng2024.html,4,0,Seri
2023/24,9,Oct 21,Chelsea,Arsenal,2,2,https://www.rsssf.org/tablese/eng2024.html,4,0,Seri
2023/24,9,Oct 21,Sheffield U,Manchester U,1,2,https://www.rsssf.org/tablese/eng2024.html,3,-1,Tandang menang
2023/24,9,Oct 22,Aston Villa,West Ham,4,1,https://www.rsssf.org/tablese/eng2024.html,5,3,Kandang menang
2023/24,9,Oct 23,Tottenham,Fulham,2,0,https://www.rsssf.org/tablese/eng2024.html,2,2,Kandang menang
2023/24,10,Oct 27,Crystal P,Tottenham,1,2,https://www.rsssf.org/tablese/eng2024.html,3,-1,Tandang menang
2023/24,10,Oct 28,Chelsea,Brentford,0,2,https://www.rsssf.org/tablese/eng2024.html,2,-2,Tandang menang
2023/24,10,Oct 28,Arsenal,Sheffield U,5,0,https://www.rsssf.org/tablese/eng2024.html,5,5,Kandang menang
2023/24,10,Oct 28,Bournemouth,Burnley,2,1,https://www.rsssf.org/tablese/eng2024.html,3,1,Kandang menang
2023/24,10,Oct 28,Wolverhampton,Newcastle,2,2,https://www.rsssf.org/tablese/eng2024.html,4,0,Seri
2023/24,10,Oct 29,West Ham,Everton,0,1,https://www.rsssf.org/tablese/eng2024.html,1,-1,Tandang menang
2023/24,10,Oct 29,Aston Villa,Luton,3,1,https://www.rsssf.org/tablese/eng2024.html,4,2,Kandang menang
2023/24,10,Oct 29,Brighton,Fulham,1,1,https://www.rsssf.org/tablese/eng2024.html,2,0,Seri
2023/24,10,Oct 29,Liverpool,Nottingham,3,0,https://www.rsssf.org/tablese/eng2024.html,3,3,Kandang menang
2023/24,10,Oct 29,Manchester U,Manchester C,0,3,https://www.rsssf.org/tablese/eng2024.html,3,-3,Tandang menang
2023/24,11,Nov 4,Fulham,Manchester U,0,1,https://www.rsssf.org/tablese/eng2024.html,1,-1,Tandang menang
2023/24,11,Nov 4,Brentford,West Ham,3,2,https://www.rsssf.org/tablese/eng2024.html,5,1,Kandang menang
2023/24,11,Nov 4,Burnley,Crystal P,0,2,https://www.rsssf.org/tablese/eng2024.html,2,-2,Tandang menang
2023/24,11,Nov 4,Everton,Brighton,1,1,https://www.rsssf.org/tablese/eng2024.html,2,0,Seri
2023/24,11,Nov 4,Manchester C,Bournemouth,6,1,https://www.rsssf.org/tablese/eng2024.html,7,5,Kandang menang
2023/24,11,Nov 4,Sheffield U,Wolverhampton,2,1,https://www.rsssf.org/tablese/eng2024.html,3,1,Kandang menang
2023/24,11,Nov 4,Newcastle,Arsenal,1,0,https://www.rsssf.org/tablese/eng2024.html,1,1,Kandang menang
2023/24,11,Nov 5,Nottingham,Aston Villa,2,0,https://www.rsssf.org/tablese/eng2024.html,2,2,Kandang menang
2023/24,11,Nov 5,Luton,Liverpool,1,1,https://www.rsssf.org/tablese/eng2024.html,2,0,Seri
2023/24,11,Nov 6,Tottenham,Chelsea,1,4,https://www.rsssf.org/tablese/eng2024.html,5,-3,Tandang menang
2023/24,12,Nov 11,Wolverhampton,Tottenham,2,1,https://www.rsssf.org/tablese/eng2024.html,3,1,Kandang menang
2023/24,12,Nov 11,Arsenal,Burnley,3,1,https://www.rsssf.org/tablese/eng2024.html,4,2,Kandang menang
2023/24,12,Nov 11,Crystal P,Everton,2,3,https://www.rsssf.org/tablese/eng2024.html,5,-1,Tandang menang
2023/24,12,Nov 11,Manchester U,Luton,1,0,https://www.rsssf.org/tablese/eng2024.html,1,1,Kandang menang
2023/24,12,Nov 11,Bournemouth,Newcastle,2,0,https://www.rsssf.org/tablese/eng2024.html,2,2,Kandang menang
2023/24,12,Nov 12,Aston Villa,Fulham,3,1,https://www.rsssf.org/tablese/eng2024.html,4,2,Kandang menang
2023/24,12,Nov 12,Brighton,Sheffield U,1,1,https://www.rsssf.org/tablese/eng2024.html,2,0,Seri
2023/24,12,Nov 12,Liverpool,Brentford,3,0,https://www.rsssf.org/tablese/eng2024.html,3,3,Kandang menang
2023/24,12,Nov 12,West Ham,Nottingham,3,2,https://www.rsssf.org/tablese/eng2024.html,5,1,Kandang menang
2023/24,12,Nov 12,Chelsea,Manchester C,4,4,https://www.rsssf.org/tablese/eng2024.html,8,0,Seri
2023/24,13,Nov 25,Manchester C,Liverpool,1,1,https://www.rsssf.org/tablese/eng2024.html,2,0,Seri
2023/24,13,Nov 25,Burnley,West Ham,1,2,https://www.rsssf.org/tablese/eng2024.html,3,-1,Tandang menang
2023/24,13,Nov 25,Luton,Crystal P,2,1,https://www.rsssf.org/tablese/eng2024.html,3,1,Kandang menang
2023/24,13,Nov 25,Newcastle,Chelsea,4,1,https://www.rsssf.org/tablese/eng2024.html,5,3,Kandang menang
2023/24,13,Nov 25,Nottingham,Brighton,2,3,https://www.rsssf.org/tablese/eng2024.html,5,-1,Tandang menang
2023/24,13,Nov 25,Sheffield U,Bournemouth,1,3,https://www.rsssf.org/tablese/eng2024.html,4,-2,Tandang menang
2023/24,13,Nov 25,Brentford,Arsenal,0,1,https://www.rsssf.org/tablese/eng2024.html,1,-1,Tandang menang
2023/24,13,Nov 26,Tottenham,Aston Villa,1,2,https://www.rsssf.org/tablese/eng2024.html,3,-1,Tandang menang
2023/24,13,Nov 26,Everton,Manchester U,0,3,https://www.rsssf.org/tablese/eng2024.html,3,-3,Tandang menang
2023/24,13,Nov 27,Fulham,Wolverhampton,3,2,https://www.rsssf.org/tablese/eng2024.html,5,1,Kandang menang
2023/24,14,Dec 2,Arsenal,Wolverhampton,2,1,https://www.rsssf.org/tablese/eng2024.html,3,1,Kandang menang
2023/24,14,Dec 2,Brentford,Luton,3,1,https://www.rsssf.org/tablese/eng2024.html,4,2,Kandang menang
2023/24,14,Dec 2,Burnley,Sheffield U,5,0,https://www.rsssf.org/tablese/eng2024.html,5,5,Kandang menang
2023/24,14,Dec 2,Nottingham,Everton,0,1,https://www.rsssf.org/tablese/eng2024.html,1,-1,Tandang menang
2023/24,14,Dec 2,Newcastle,Manchester U,1,0,https://www.rsssf.org/tablese/eng2024.html,1,1,Kandang menang
2023/24,14,Dec 3,Bournemouth,Aston Villa,2,2,https://www.rsssf.org/tablese/eng2024.html,4,0,Seri
2023/24,14,Dec 3,Chelsea,Brighton,3,2,https://www.rsssf.org/tablese/eng2024.html,5,1,Kandang menang
2023/24,14,Dec 3,Liverpool,Fulham,4,3,https://www.rsssf.org/tablese/eng2024.html,7,1,Kandang menang
2023/24,14,Dec 3,West Ham,Crystal P,1,1,https://www.rsssf.org/tablese/eng2024.html,2,0,Seri
2023/24,14,Dec 3,Manchester C,Tottenham,3,3,https://www.rsssf.org/tablese/eng2024.html,6,0,Seri
2023/24,15,Dec 5,Wolverhampton,Burnley,1,0,https://www.rsssf.org/tablese/eng2024.html,1,1,Kandang menang
2023/24,15,Dec 5,Luton,Arsenal,3,4,https://www.rsssf.org/tablese/eng2024.html,7,-1,Tandang menang
2023/24,15,Dec 6,Brighton,Brentford,2,1,https://www.rsssf.org/tablese/eng2024.html,3,1,Kandang menang
2023/24,15,Dec 6,Crystal P,Bournemouth,0,2,https://www.rsssf.org/tablese/eng2024.html,2,-2,Tandang menang
2023/24,15,Dec 6,Fulham,Nottingham,5,0,https://www.rsssf.org/tablese/eng2024.html,5,5,Kandang menang
2023/24,15,Dec 6,Sheffield U,Liverpool,0,2,https://www.rsssf.org/tablese/eng2024.html,2,-2,Tandang menang
2023/24,15,Dec 6,Aston Villa,Manchester C,1,0,https://www.rsssf.org/tablese/eng2024.html,1,1,Kandang menang
2023/24,15,Dec 6,Manchester U,Chelsea,2,1,https://www.rsssf.org/tablese/eng2024.html,3,1,Kandang menang
2023/24,15,Dec 2,Everton,Newcastle,3,0,https://www.rsssf.org/tablese/eng2024.html,3,3,Kandang menang
2023/24,15,Dec 2,Tottenham,West Ham,1,2,https://www.rsssf.org/tablese/eng2024.html,3,-1,Tandang menang
2023/24,16,Dec 9,Crystal P,Liverpool,1,2,https://www.rsssf.org/tablese/eng2024.html,3,-1,Tandang menang
2023/24,16,Dec 9,Brighton,Burnley,1,1,https://www.rsssf.org/tablese/eng2024.html,2,0,Seri
2023/24,16,Dec 9,Manchester U,Bournemouth,0,3,https://www.rsssf.org/tablese/eng2024.html,3,-3,Tandang menang
2023/24,16,Dec 9,Sheffield U,Brentford,1,0,https://www.rsssf.org/tablese/eng2024.html,1,1,Kandang menang
2023/24,16,Dec 9,Wolverhampton,Nottingham,1,1,https://www.rsssf.org/tablese/eng2024.html,2,0,Seri
2023/24,16,Dec 9,Aston Villa,Arsenal,1,0,https://www.rsssf.org/tablese/eng2024.html,1,1,Kandang menang
2023/24,16,Dec 10,Everton,Chelsea,2,0,https://www.rsssf.org/tablese/eng2024.html,2,2,Kandang menang
2023/24,16,Dec 10,Fulham,West Ham,5,0,https://www.rsssf.org/tablese/eng2024.html,5,5,Kandang menang
2023/24,16,Dec 10,Luton,Manchester C,1,2,https://www.rsssf.org/tablese/eng2024.html,3,-1,Tandang menang
2023/24,16,Dec 10,Tottenham,Newcastle,4,1,https://www.rsssf.org/tablese/eng2024.html,5,3,Kandang menang
2023/24,17,Dec 15,Nottingham,Tottenham,0,2,https://www.rsssf.org/tablese/eng2024.html,2,-2,Tandang menang
2023/24,17,Dec 16,Chelsea,Sheffield U,2,0,https://www.rsssf.org/tablese/eng2024.html,2,2,Kandang menang
2023/24,17,Dec 16,Manchester C,Crystal P,2,2,https://www.rsssf.org/tablese/eng2024.html,4,0,Seri
2023/24,17,Dec 16,Newcastle,Fulham,3,0,https://www.rsssf.org/tablese/eng2024.html,3,3,Kandang menang
2023/24,17,Dec 16,Burnley,Everton,0,2,https://www.rsssf.org/tablese/eng2024.html,2,-2,Tandang menang
2023/24,17,Dec 17,Arsenal,Brighton,2,0,https://www.rsssf.org/tablese/eng2024.html,2,2,Kandang menang
2023/24,17,Dec 17,Brentford,Aston Villa,1,2,https://www.rsssf.org/tablese/eng2024.html,3,-1,Tandang menang
2023/24,17,Dec 17,West Ham,Wolverhampton,3,0,https://www.rsssf.org/tablese/eng2024.html,3,3,Kandang menang
2023/24,17,Dec 17,Liverpool,Manchester U,0,0,https://www.rsssf.org/tablese/eng2024.html,0,0,Seri
2023/24,17,Mar 13,Bournemouth,Luton,4,3,https://www.rsssf.org/tablese/eng2024.html,7,1,Kandang menang
2023/24,18,Dec 21,Crystal P,Brighton,1,1,https://www.rsssf.org/tablese/eng2024.html,2,0,Seri
2023/24,18,Dec 22,Aston Villa,Sheffield U,1,1,https://www.rsssf.org/tablese/eng2024.html,2,0,Seri
2023/24,18,Dec 23,West Ham,Manchester U,2,0,https://www.rsssf.org/tablese/eng2024.html,2,2,Kandang menang
2023/24,18,Dec 23,Fulham,Burnley,0,2,https://www.rsssf.org/tablese/eng2024.html,2,-2,Tandang menang
2023/24,18,Dec 23,Luton,Newcastle,1,0,https://www.rsssf.org/tablese/eng2024.html,1,1,Kandang menang
2023/24,18,Dec 23,Nottingham,Bournemouth,2,3,https://www.rsssf.org/tablese/eng2024.html,5,-1,Tandang menang
2023/24,18,Dec 23,Tottenham,Everton,2,1,https://www.rsssf.org/tablese/eng2024.html,3,1,Kandang menang
2023/24,18,Dec 23,Liverpool,Arsenal,1,1,https://www.rsssf.org/tablese/eng2024.html,2,0,Seri
2023/24,18,Dec 24,Wolverhampton,Chelsea,2,1,https://www.rsssf.org/tablese/eng2024.html,3,1,Kandang menang
2023/24,18,Feb 20,Manchester C,Brentford,1,0,https://www.rsssf.org/tablese/eng2024.html,1,1,Kandang menang
2023/24,19,Dec 26,Newcastle,Nottingham,1,3,https://www.rsssf.org/tablese/eng2024.html,4,-2,Tandang menang
2023/24,19,Dec 26,Bournemouth,Fulham,3,0,https://www.rsssf.org/tablese/eng2024.html,3,3,Kandang menang
2023/24,19,Dec 26,Sheffield U,Luton,2,3,https://www.rsssf.org/tablese/eng2024.html,5,-1,Tandang menang
2023/24,19,Dec 26,Burnley,Liverpool,0,2,https://www.rsssf.org/tablese/eng2024.html,2,-2,Tandang menang
2023/24,19,Dec 26,Manchester U,Aston Villa,3,2,https://www.rsssf.org/tablese/eng2024.html,5,1,Kandang menang
2023/24,19,Dec 27,Brentford,Wolverhampton,1,4,https://www.rsssf.org/tablese/eng2024.html,5,-3,Tandang menang
2023/24,19,Dec 27,Chelsea,Crystal P,2,1,https://www.rsssf.org/tablese/eng2024.html,3,1,Kandang menang
2023/24,19,Dec 27,Everton,Manchester C,1,3,https://www.rsssf.org/tablese/eng2024.html,4,-2,Tandang menang
2023/24,19,Dec 28,Brighton,Tottenham,4,2,https://www.rsssf.org/tablese/eng2024.html,6,2,Kandang menang
2023/24,19,Dec 28,Arsenal,West Ham,0,2,https://www.rsssf.org/tablese/eng2024.html,2,-2,Tandang menang
2023/24,20,Dec 30,Luton,Chelsea,2,3,https://www.rsssf.org/tablese/eng2024.html,5,-1,Tandang menang
2023/24,20,Dec 30,Aston Villa,Burnley,3,2,https://www.rsssf.org/tablese/eng2024.html,5,1,Kandang menang
2023/24,20,Dec 30,Crystal P,Brentford,3,1,https://www.rsssf.org/tablese/eng2024.html,4,2,Kandang menang
2023/24,20,Dec 30,Manchester C,Sheffield U,2,0,https://www.rsssf.org/tablese/eng2024.html,2,2,Kandang menang
2023/24,20,Dec 30,Wolverhampton,Everton,3,0,https://www.rsssf.org/tablese/eng2024.html,3,3,Kandang menang
2023/24,20,Dec 30,Nottingham,Manchester U,2,1,https://www.rsssf.org/tablese/eng2024.html,3,1,Kandang menang
2023/24,20,Dec 31,Fulham,Arsenal,2,1,https://www.rsssf.org/tablese/eng2024.html,3,1,Kandang menang
2023/24,20,Dec 31,Tottenham,Bournemouth,3,1,https://www.rsssf.org/tablese/eng2024.html,4,2,Kandang menang
2023/24,20,Jan 1,Liverpool,Newcastle,4,2,https://www.rsssf.org/tablese/eng2024.html,6,2,Kandang menang
2023/24,20,Jan 2,West Ham,Brighton,0,0,https://www.rsssf.org/tablese/eng2024.html,0,0,Seri
2023/24,21,Jan 12,Burnley,Luton,1,1,https://www.rsssf.org/tablese/eng2024.html,2,0,Seri
2023/24,21,Jan 13,Chelsea,Fulham,1,0,https://www.rsssf.org/tablese/eng2024.html,1,1,Kandang menang
2023/24,21,Jan 13,Newcastle,Manchester C,2,3,https://www.rsssf.org/tablese/eng2024.html,5,-1,Tandang menang
2023/24,21,Jan 14,Everton,Aston Villa,0,0,https://www.rsssf.org/tablese/eng2024.html,0,0,Seri
2023/24,21,Jan 14,Manchester U,Tottenham,2,2,https://www.rsssf.org/tablese/eng2024.html,4,0,Seri
2023/24,21,Jan 20,Arsenal,Crystal P,5,0,https://www.rsssf.org/tablese/eng2024.html,5,5,Kandang menang
2023/24,21,Jan 20,Brentford,Nottingham,3,2,https://www.rsssf.org/tablese/eng2024.html,5,1,Kandang menang
2023/24,21,Jan 21,Sheffield U,West Ham,2,2,https://www.rsssf.org/tablese/eng2024.html,4,0,Seri
2023/24,21,Jan 21,Bournemouth,Liverpool,0,4,https://www.rsssf.org/tablese/eng2024.html,4,-4,Tandang menang
2023/24,21,Jan 22,Brighton,Wolverhampton,0,0,https://www.rsssf.org/tablese/eng2024.html,0,0,Seri
2023/24,22,Jan 30,Nottingham,Arsenal,1,2,https://www.rsssf.org/tablese/eng2024.html,3,-1,Tandang menang
2023/24,22,Jan 30,Fulham,Everton,0,0,https://www.rsssf.org/tablese/eng2024.html,0,0,Seri
2023/24,22,Jan 30,Luton,Brighton,4,0,https://www.rsssf.org/tablese/eng2024.html,4,4,Kandang menang
2023/24,22,Jan 30,Crystal P,Sheffield U,3,2,https://www.rsssf.org/tablese/eng2024.html,5,1,Kandang menang
2023/24,22,Jan 30,Aston Villa,Newcastle,1,3,https://www.rsssf.org/tablese/eng2024.html,4,-2,Tandang menang
2023/24,22,Jan 31,Manchester C,Burnley,3,1,https://www.rsssf.org/tablese/eng2024.html,4,2,Kandang menang
2023/24,22,Jan 31,Tottenham,Brentford,3,2,https://www.rsssf.org/tablese/eng2024.html,5,1,Kandang menang
2023/24,22,Jan 31,Liverpool,Chelsea,4,1,https://www.rsssf.org/tablese/eng2024.html,5,3,Kandang menang
2023/24,22,Feb 1,West Ham,Bournemouth,1,1,https://www.rsssf.org/tablese/eng2024.html,2,0,Seri
2023/24,22,Feb 1,Wolverhampton,Manchester U,3,4,https://www.rsssf.org/tablese/eng2024.html,7,-1,Tandang menang
2023/24,23,Feb 3,Everton,Tottenham,2,2,https://www.rsssf.org/tablese/eng2024.html,4,0,Seri
2023/24,23,Feb 3,Brighton,Crystal P,4,1,https://www.rsssf.org/tablese/eng2024.html,5,3,Kandang menang
2023/24,23,Feb 3,Burnley,Fulham,2,2,https://www.rsssf.org/tablese/eng2024.html,4,0,Seri
2023/24,23,Feb 3,Newcastle,Luton,4,4,https://www.rsssf.org/tablese/eng2024.html,8,0,Seri
2023/24,23,Feb 3,Sheffield U,Aston Villa,0,5,https://www.rsssf.org/tablese/eng2024.html,5,-5,Tandang menang
2023/24,23,Feb 4,Bournemouth,Nottingham,1,1,https://www.rsssf.org/tablese/eng2024.html,2,0,Seri
2023/24,23,Feb 4,Chelsea,Wolverhampton,2,4,https://www.rsssf.org/tablese/eng2024.html,6,-2,Tandang menang
2023/24,23,Feb 4,Manchester U,West Ham,3,0,https://www.rsssf.org/tablese/eng2024.html,3,3,Kandang menang
2023/24,23,Feb 4,Arsenal,Liverpool,3,1,https://www.rsssf.org/tablese/eng2024.html,4,2,Kandang menang
2023/24,23,Feb 5,Brentford,Manchester C,1,3,https://www.rsssf.org/tablese/eng2024.html,4,-2,Tandang menang
2023/24,24,Feb 10,Manchester C,Everton,2,0,https://www.rsssf.org/tablese/eng2024.html,2,2,Kandang menang
2023/24,24,Feb 10,Fulham,Bournemouth,3,1,https://www.rsssf.org/tablese/eng2024.html,4,2,Kandang menang
2023/24,24,Feb 10,Liverpool,Burnley,3,1,https://www.rsssf.org/tablese/eng2024.html,4,2,Kandang menang
2023/24,24,Feb 10,Luton,Sheffield U,1,3,https://www.rsssf.org/tablese/eng2024.html,4,-2,Tandang menang
2023/24,24,Feb 10,Tottenham,Brighton,2,1,https://www.rsssf.org/tablese/eng2024.html,3,1,Kandang menang
2023/24,24,Feb 10,Wolverhampton,Brentford,0,2,https://www.rsssf.org/tablese/eng2024.html,2,-2,Tandang menang
2023/24,24,Feb 10,Nottingham,Newcastle,2,3,https://www.rsssf.org/tablese/eng2024.html,5,-1,Tandang menang
2023/24,24,Feb 11,West Ham,Arsenal,0,6,https://www.rsssf.org/tablese/eng2024.html,6,-6,Tandang menang
2023/24,24,Feb 11,Aston Villa,Manchester U,1,2,https://www.rsssf.org/tablese/eng2024.html,3,-1,Tandang menang
2023/24,24,Feb 12,Crystal P,Chelsea,1,3,https://www.rsssf.org/tablese/eng2024.html,4,-2,Tandang menang
2023/24,25,Feb 17,Brentford,Liverpool,1,4,https://www.rsssf.org/tablese/eng2024.html,5,-3,Tandang menang
2023/24,25,Feb 17,Burnley,Arsenal,0,5,https://www.rsssf.org/tablese/eng2024.html,5,-5,Tandang menang
2023/24,25,Feb 17,Fulham,Aston Villa,1,2,https://www.rsssf.org/tablese/eng2024.html,3,-1,Tandang menang
2023/24,25,Feb 17,Newcastle,Bournemouth,2,2,https://www.rsssf.org/tablese/eng2024.html,4,0,Seri
2023/24,25,Feb 17,Nottingham,West Ham,2,0,https://www.rsssf.org/tablese/eng2024.html,2,2,Kandang menang
2023/24,25,Feb 17,Tottenham,Wolverhampton,1,2,https://www.rsssf.org/tablese/eng2024.html,3,-1,Tandang menang
2023/24,25,Feb 17,Manchester C,Chelsea,1,1,https://www.rsssf.org/tablese/eng2024.html,2,0,Seri
2023/24,25,Feb 18,Sheffield U,Brighton,0,5,https://www.rsssf.org/tablese/eng2024.html,5,-5,Tandang menang
2023/24,25,Feb 18,Luton,Manchester U,1,2,https://www.rsssf.org/tablese/eng2024.html,3,-1,Tandang menang
2023/24,25,Feb 19,Everton,Crystal P,1,1,https://www.rsssf.org/tablese/eng2024.html,2,0,Seri
2023/24,26,Feb 21,Liverpool,Luton,4,1,https://www.rsssf.org/tablese/eng2024.html,5,3,Kandang menang
2023/24,26,Feb 24,Aston Villa,Nottingham,4,2,https://www.rsssf.org/tablese/eng2024.html,6,2,Kandang menang
2023/24,26,Feb 24,Brighton,Everton,1,1,https://www.rsssf.org/tablese/eng2024.html,2,0,Seri
2023/24,26,Feb 24,Crystal P,Burnley,3,0,https://www.rsssf.org/tablese/eng2024.html,3,3,Kandang menang
2023/24,26,Feb 24,Manchester U,Fulham,1,2,https://www.rsssf.org/tablese/eng2024.html,3,-1,Tandang menang
2023/24,26,Feb 24,Bournemouth,Manchester C,0,1,https://www.rsssf.org/tablese/eng2024.html,1,-1,Tandang menang
2023/24,26,Feb 24,Arsenal,Newcastle,4,1,https://www.rsssf.org/tablese/eng2024.html,5,3,Kandang menang
2023/24,26,Feb 25,Wolverhampton,Sheffield U,1,0,https://www.rsssf.org/tablese/eng2024.html,1,1,Kandang menang
2023/24,26,Feb 26,West Ham,Brentford,4,2,https://www.rsssf.org/tablese/eng2024.html,6,2,Kandang menang
2023/24,26,May 2,Chelsea,Tottenham,2,0,https://www.rsssf.org/tablese/eng2024.html,2,2,Kandang menang
2023/24,27,Mar 2,Brentford,Chelsea,2,2,https://www.rsssf.org/tablese/eng2024.html,4,0,Seri
2023/24,27,Mar 2,Everton,West Ham,1,3,https://www.rsssf.org/tablese/eng2024.html,4,-2,Tandang menang
2023/24,27,Mar 2,Fulham,Brighton,3,0,https://www.rsssf.org/tablese/eng2024.html,3,3,Kandang menang
2023/24,27,Mar 2,Newcastle,Wolverhampton,3,0,https://www.rsssf.org/tablese/eng2024.html,3,3,Kandang menang
2023/24,27,Mar 2,Nottingham,Liverpool,0,1,https://www.rsssf.org/tablese/eng2024.html,1,-1,Tandang menang
2023/24,27,Mar 2,Tottenham,Crystal P,3,1,https://www.rsssf.org/tablese/eng2024.html,4,2,Kandang menang
2023/24,27,Mar 2,Luton,Aston Villa,2,3,https://www.rsssf.org/tablese/eng2024.html,5,-1,Tandang menang
2023/24,27,Mar 3,Burnley,Bournemouth,0,2,https://www.rsssf.org/tablese/eng2024.html,2,-2,Tandang menang
2023/24,27,Mar 3,Manchester C,Manchester U,3,1,https://www.rsssf.org/tablese/eng2024.html,4,2,Kandang menang
2023/24,27,Mar 4,Sheffield U,Arsenal,0,6,https://www.rsssf.org/tablese/eng2024.html,6,-6,Tandang menang
2023/24,28,Mar 9,Manchester U,Everton,2,0,https://www.rsssf.org/tablese/eng2024.html,2,2,Kandang menang
2023/24,28,Mar 9,Bournemouth,Sheffield U,2,2,https://www.rsssf.org/tablese/eng2024.html,4,0,Seri
2023/24,28,Mar 9,Crystal P,Luton,1,1,https://www.rsssf.org/tablese/eng2024.html,2,0,Seri
2023/24,28,Mar 9,Wolverhampton,Fulham,2,1,https://www.rsssf.org/tablese/eng2024.html,3,1,Kandang menang
2023/24,28,Mar 9,Arsenal,Brentford,2,1,https://www.rsssf.org/tablese/eng2024.html,3,1,Kandang menang
2023/24,28,Mar 10,Aston Villa,Tottenham,0,4,https://www.rsssf.org/tablese/eng2024.html,4,-4,Tandang menang
2023/24,28,Mar 10,Brighton,Nottingham,1,0,https://www.rsssf.org/tablese/eng2024.html,1,1,Kandang menang
2023/24,28,Mar 10,West Ham,Burnley,2,2,https://www.rsssf.org/tablese/eng2024.html,4,0,Seri
2023/24,28,Mar 10,Liverpool,Manchester C,1,1,https://www.rsssf.org/tablese/eng2024.html,2,0,Seri
2023/24,28,Mar 11,Chelsea,Newcastle,3,2,https://www.rsssf.org/tablese/eng2024.html,5,1,Kandang menang
2023/24,29,Mar 16,Burnley,Brentford,2,1,https://www.rsssf.org/tablese/eng2024.html,3,1,Kandang menang
2023/24,29,Mar 16,Luton,Nottingham,1,1,https://www.rsssf.org/tablese/eng2024.html,2,0,Seri
2023/24,29,Mar 16,Fulham,Tottenham,3,0,https://www.rsssf.org/tablese/eng2024.html,3,3,Kandang menang
2023/24,29,Mar 17,West Ham,Aston Villa,1,1,https://www.rsssf.org/tablese/eng2024.html,2,0,Seri
2023/24,29,Apr 23,Arsenal,Chelsea,5,0,https://www.rsssf.org/tablese/eng2024.html,5,5,Kandang menang
2023/24,29,Apr 24,Wolverhampton,Bournemouth,0,1,https://www.rsssf.org/tablese/eng2024.html,1,-1,Tandang menang
2023/24,29,Apr 24,Crystal P,Newcastle,2,0,https://www.rsssf.org/tablese/eng2024.html,2,2,Kandang menang
2023/24,29,Apr 24,Everton,Liverpool,2,0,https://www.rsssf.org/tablese/eng2024.html,2,2,Kandang menang
2023/24,29,Apr 24,Manchester U,Sheffield U,4,2,https://www.rsssf.org/tablese/eng2024.html,6,2,Kandang menang
2023/24,29,Apr 25,Brighton,Manchester C,0,4,https://www.rsssf.org/tablese/eng2024.html,4,-4,Tandang menang
2023/24,30,Mar 30,Newcastle,West Ham,4,3,https://www.rsssf.org/tablese/eng2024.html,7,1,Kandang menang
2023/24,30,Mar 30,Bournemouth,Everton,2,1,https://www.rsssf.org/tablese/eng2024.html,3,1,Kandang menang
2023/24,30,Mar 30,Chelsea,Burnley,2,2,https://www.rsssf.org/tablese/eng2024.html,4,0,Seri
2023/24,30,Mar 30,Nottingham,Crystal P,1,1,https://www.rsssf.org/tablese/eng2024.html,2,0,Seri
2023/24,30,Mar 30,Sheffield U,Fulham,3,3,https://www.rsssf.org/tablese/eng2024.html,6,0,Seri
2023/24,30,Mar 30,Tottenham,Luton,2,1,https://www.rsssf.org/tablese/eng2024.html,3,1,Kandang menang
2023/24,30,Mar 30,Aston Villa,Wolverhampton,2,0,https://www.rsssf.org/tablese/eng2024.html,2,2,Kandang menang
2023/24,30,Mar 30,Brentford,Manchester U,1,1,https://www.rsssf.org/tablese/eng2024.html,2,0,Seri
2023/24,30,Mar 31,Liverpool,Brighton,2,1,https://www.rsssf.org/tablese/eng2024.html,3,1,Kandang menang
2023/24,30,Mar 31,Manchester C,Arsenal,0,0,https://www.rsssf.org/tablese/eng2024.html,0,0,Seri
2023/24,31,Apr 2,Newcastle,Everton,1,1,https://www.rsssf.org/tablese/eng2024.html,2,0,Seri
2023/24,31,Apr 2,Nottingham,Fulham,3,1,https://www.rsssf.org/tablese/eng2024.html,4,2,Kandang menang
2023/24,31,Apr 2,Bournemouth,Crystal P,1,0,https://www.rsssf.org/tablese/eng2024.html,1,1,Kandang menang
2023/24,31,Apr 2,Burnley,Wolverhampton,1,1,https://www.rsssf.org/tablese/eng2024.html,2,0,Seri
2023/24,31,Apr 2,West Ham,Tottenham,1,1,https://www.rsssf.org/tablese/eng2024.html,2,0,Seri
2023/24,31,Apr 3,Arsenal,Luton,2,0,https://www.rsssf.org/tablese/eng2024.html,2,2,Kandang menang
2023/24,31,Apr 3,Brentford,Brighton,0,0,https://www.rsssf.org/tablese/eng2024.html,0,0,Seri
2023/24,31,Apr 3,Manchester C,Aston Villa,4,1,https://www.rsssf.org/tablese/eng2024.html,5,3,Kandang menang
2023/24,31,Apr 4,Liverpool,Sheffield U,3,1,https://www.rsssf.org/tablese/eng2024.html,4,2,Kandang menang
2023/24,31,Apr 4,Chelsea,Manchester U,4,3,https://www.rsssf.org/tablese/eng2024.html,7,1,Kandang menang
2023/24,32,Apr 6,Crystal P,Manchester C,2,4,https://www.rsssf.org/tablese/eng2024.html,6,-2,Tandang menang
2023/24,32,Apr 6,Aston Villa,Brentford,3,3,https://www.rsssf.org/tablese/eng2024.html,6,0,Seri
2023/24,32,Apr 6,Everton,Burnley,1,0,https://www.rsssf.org/tablese/eng2024.html,1,1,Kandang menang
2023/24,32,Apr 6,Fulham,Newcastle,0,1,https://www.rsssf.org/tablese/eng2024.html,1,-1,Tandang menang
2023/24,32,Apr 6,Luton,Bournemouth,2,1,https://www.rsssf.org/tablese/eng2024.html,3,1,Kandang menang
2023/24,32,Apr 6,Wolverhampton,West Ham,1,2,https://www.rsssf.org/tablese/eng2024.html,3,-1,Tandang menang
2023/24,32,Apr 6,Brighton,Arsenal,0,3,https://www.rsssf.org/tablese/eng2024.html,3,-3,Tandang menang
2023/24,32,Apr 7,Manchester U,Liverpool,2,2,https://www.rsssf.org/tablese/eng2024.html,4,0,Seri
2023/24,32,Apr 7,Sheffield U,Chelsea,2,2,https://www.rsssf.org/tablese/eng2024.html,4,0,Seri
2023/24,32,Apr 7,Tottenham,Nottingham,3,1,https://www.rsssf.org/tablese/eng2024.html,4,2,Kandang menang
2023/24,33,Apr 13,Newcastle,Tottenham,4,0,https://www.rsssf.org/tablese/eng2024.html,4,4,Kandang menang
2023/24,33,Apr 13,Brentford,Sheffield U,2,0,https://www.rsssf.org/tablese/eng2024.html,2,2,Kandang menang
2023/24,33,Apr 13,Burnley,Brighton,1,1,https://www.rsssf.org/tablese/eng2024.html,2,0,Seri
2023/24,33,Apr 13,Manchester C,Luton,5,1,https://www.rsssf.org/tablese/eng2024.html,6,4,Kandang menang
2023/24,33,Apr 13,Nottingham,Wolverhampton,2,2,https://www.rsssf.org/tablese/eng2024.html,4,0,Seri
2023/24,33,Apr 13,Bournemouth,Manchester U,2,2,https://www.rsssf.org/tablese/eng2024.html,4,0,Seri
2023/24,33,Apr 14,Liverpool,Crystal P,0,1,https://www.rsssf.org/tablese/eng2024.html,1,-1,Tandang menang
2023/24,33,Apr 14,West Ham,Fulham,0,2,https://www.rsssf.org/tablese/eng2024.html,2,-2,Tandang menang
2023/24,33,Apr 14,Arsenal,Aston Villa,0,2,https://www.rsssf.org/tablese/eng2024.html,2,-2,Tandang menang
2023/24,33,Apr 15,Chelsea,Everton,6,0,https://www.rsssf.org/tablese/eng2024.html,6,6,Kandang menang
2023/24,34,Apr 20,Luton,Brentford,1,5,https://www.rsssf.org/tablese/eng2024.html,6,-4,Tandang menang
2023/24,34,Apr 20,Sheffield U,Burnley,1,4,https://www.rsssf.org/tablese/eng2024.html,5,-3,Tandang menang
2023/24,34,Apr 20,Wolverhampton,Arsenal,0,2,https://www.rsssf.org/tablese/eng2024.html,2,-2,Tandang menang
2023/24,34,Apr 21,Everton,Nottingham,2,0,https://www.rsssf.org/tablese/eng2024.html,2,2,Kandang menang
2023/24,34,Apr 21,Aston Villa,Bournemouth,3,1,https://www.rsssf.org/tablese/eng2024.html,4,2,Kandang menang
2023/24,34,Apr 21,Crystal P,West Ham,5,2,https://www.rsssf.org/tablese/eng2024.html,7,3,Kandang menang
2023/24,34,Apr 21,Fulham,Liverpool,1,3,https://www.rsssf.org/tablese/eng2024.html,4,-2,Tandang menang
2023/24,34,May 14,Tottenham,Manchester C,0,2,https://www.rsssf.org/tablese/eng2024.html,2,-2,Tandang menang
2023/24,34,May 15,Brighton,Chelsea,1,2,https://www.rsssf.org/tablese/eng2024.html,3,-1,Tandang menang
2023/24,34,May 15,Manchester U,Newcastle,3,2,https://www.rsssf.org/tablese/eng2024.html,5,1,Kandang menang
2023/24,35,Apr 27,West Ham,Liverpool,2,2,https://www.rsssf.org/tablese/eng2024.html,4,0,Seri
2023/24,35,Apr 27,Fulham,Crystal P,1,1,https://www.rsssf.org/tablese/eng2024.html,2,0,Seri
2023/24,35,Apr 27,Manchester U,Burnley,1,1,https://www.rsssf.org/tablese/eng2024.html,2,0,Seri
2023/24,35,Apr 27,Newcastle,Sheffield U,5,1,https://www.rsssf.org/tablese/eng2024.html,6,4,Kandang menang
2023/24,35,Apr 27,Wolverhampton,Luton,2,1,https://www.rsssf.org/tablese/eng2024.html,3,1,Kandang menang
2023/24,35,Apr 27,Everton,Brentford,1,0,https://www.rsssf.org/tablese/eng2024.html,1,1,Kandang menang
2023/24,35,Apr 27,Aston Villa,Chelsea,2,2,https://www.rsssf.org/tablese/eng2024.html,4,0,Seri
2023/24,35,Apr 28,Bournemouth,Brighton,3,0,https://www.rsssf.org/tablese/eng2024.html,3,3,Kandang menang
2023/24,35,Apr 28,Tottenham,Arsenal,2,3,https://www.rsssf.org/tablese/eng2024.html,5,-1,Tandang menang
2023/24,35,Apr 28,Nottingham,Manchester C,0,2,https://www.rsssf.org/tablese/eng2024.html,2,-2,Tandang menang
2023/24,36,May 3,Luton,Everton,1,1,https://www.rsssf.org/tablese/eng2024.html,2,0,Seri
2023/24,36,May 4,Arsenal,Bournemouth,3,0,https://www.rsssf.org/tablese/eng2024.html,3,3,Kandang menang
2023/24,36,May 4,Brentford,Fulham,0,0,https://www.rsssf.org/tablese/eng2024.html,0,0,Seri
2023/24,36,May 4,Burnley,Newcastle,1,4,https://www.rsssf.org/tablese/eng2024.html,5,-3,Tandang menang
2023/24,36,May 4,Sheffield U,Nottingham,1,3,https://www.rsssf.org/tablese/eng2024.html,4,-2,Tandang menang
2023/24,36,May 4,Manchester C,Wolverhampton,5,1,https://www.rsssf.org/tablese/eng2024.html,6,4,Kandang menang
2023/24,36,May 5,Brighton,Aston Villa,1,0,https://www.rsssf.org/tablese/eng2024.html,1,1,Kandang menang
2023/24,36,May 5,Chelsea,West Ham,5,0,https://www.rsssf.org/tablese/eng2024.html,5,5,Kandang menang
2023/24,36,May 5,Liverpool,Tottenham,4,2,https://www.rsssf.org/tablese/eng2024.html,6,2,Kandang menang
2023/24,36,May 6,Crystal P,Manchester U,4,0,https://www.rsssf.org/tablese/eng2024.html,4,4,Kandang menang
2023/24,37,May 11,Fulham,Manchester C,0,4,https://www.rsssf.org/tablese/eng2024.html,4,-4,Tandang menang
2023/24,37,May 11,Bournemouth,Brentford,1,2,https://www.rsssf.org/tablese/eng2024.html,3,-1,Tandang menang
2023/24,37,May 11,Everton,Sheffield U,1,0,https://www.rsssf.org/tablese/eng2024.html,1,1,Kandang menang
2023/24,37,May 11,Newcastle,Brighton,1,1,https://www.rsssf.org/tablese/eng2024.html,2,0,Seri
2023/24,37,May 11,Tottenham,Burnley,2,1,https://www.rsssf.org/tablese/eng2024.html,3,1,Kandang menang
2023/24,37,May 11,West Ham,Luton,3,1,https://www.rsssf.org/tablese/eng2024.html,4,2,Kandang menang
2023/24,37,May 11,Wolverhampton,Crystal P,1,3,https://www.rsssf.org/tablese/eng2024.html,4,-2,Tandang menang
2023/24,37,May 11,Nottingham,Chelsea,2,3,https://www.rsssf.org/tablese/eng2024.html,5,-1,Tandang menang
2023/24,37,May 12,Manchester U,Arsenal,0,1,https://www.rsssf.org/tablese/eng2024.html,1,-1,Tandang menang
2023/24,37,May 13,Aston Villa,Liverpool,3,3,https://www.rsssf.org/tablese/eng2024.html,6,0,Seri
2023/24,38,,Arsenal,Everton,2,1,https://www.rsssf.org/tablese/eng2024.html,3,1,Kandang menang
2023/24,38,,Brentford,Newcastle,2,4,https://www.rsssf.org/tablese/eng2024.html,6,-2,Tandang menang
2023/24,38,,Brighton,Manchester U,0,2,https://www.rsssf.org/tablese/eng2024.html,2,-2,Tandang menang
2023/24,38,,Burnley,Nottingham,1,2,https://www.rsssf.org/tablese/eng2024.html,3,-1,Tandang menang
2023/24,38,,Chelsea,Bournemouth,2,1,https://www.rsssf.org/tablese/eng2024.html,3,1,Kandang menang
2023/24,38,,Crystal P,Aston Villa,5,0,https://www.rsssf.org/tablese/eng2024.html,5,5,Kandang menang
2023/24,38,,Liverpool,Wolverhampton,2,0,https://www.rsssf.org/tablese/eng2024.html,2,2,Kandang menang
2023/24,38,,Luton,Fulham,2,4,https://www.rsssf.org/tablese/eng2024.html,6,-2,Tandang menang
2023/24,38,,Manchester C,West Ham,3,1,https://www.rsssf.org/tablese/eng2024.html,4,2,Kandang menang
2023/24,38,,Sheffield U,Tottenham,0,3,https://www.rsssf.org/tablese/eng2024.html,3,-3,Tandang menang
